id,cpu_usage,memory_usage,disk_usage,network_sent,network_recv,load_avg_1m,timestamp
1,0.0,49.3,14.5,9998.93,9879.74,1.75,2026-07-13 19:42:02
2,0.0,49.7,14.5,11771.7,11771.7,1.06,2026-07-13 19:42:34
3,8.0,55.1,14.5,858.63,858.63,1.6,2026-07-13 19:43:34
4,9.5,59.9,14.5,2356.67,2356.67,1.66,2026-07-13 19:44:34
5,2.9,61.2,14.5,324.02,324.02,0.61,2026-07-13 19:45:34
6,3.3,58.9,14.5,444.93,444.93,0.75,2026-07-13 19:46:34
7,3.5,57.4,14.5,571.23,571.23,0.82,2026-07-13 19:47:34
8,1.5,57.2,14.5,1136.62,1136.62,0.44,2026-07-13 19:48:34
9,3.6,59.0,14.5,321.46,321.46,0.29,2026-07-13 19:49:34
10,4.0,58.7,14.5,15934.7,15816.6,0.48,2026-07-13 19:50:35
11,3.5,58.8,14.5,559.1,559.1,0.47,2026-07-13 19:51:35
12,2.4,60.0,14.5,1519.07,1519.07,0.21,2026-07-13 19:52:35
13,4.5,56.6,14.5,322.99,322.99,0.2,2026-07-13 19:53:35
14,2.2,56.8,14.5,429.57,429.57,0.22,2026-07-13 19:54:35
15,2.5,58.4,14.5,636.45,636.45,0.21,2026-07-13 19:55:35
16,1.7,59.3,14.5,3049.35,3049.35,0.15,2026-07-13 19:56:35
17,3.0,58.9,14.5,3082.32,775.11,0.38,2026-07-13 19:57:35
18,3.1,59.9,14.5,312.86,312.86,0.26,2026-07-13 19:58:35
19,1.3,59.9,14.5,1011.2,880.59,0.15,2026-07-13 19:59:35
20,0.5,60.0,14.5,288.72,251.27,0.05,2026-07-13 20:00:35
21,1.6,60.5,14.5,1692.36,1472.2,0.11,2026-07-13 20:01:36
22,3.0,60.6,14.5,955.13,955.13,0.77,2026-07-13 20:02:36
23,3.7,61.7,14.5,206.93,206.93,0.59,2026-07-13 20:03:36
24,3.3,61.8,14.5,538.4,538.4,0.31,2026-07-13 20:04:36
25,4.5,64.0,14.5,495.95,495.95,0.46,2026-07-13 20:05:36
26,8.2,66.9,14.5,3616.18,3616.18,0.58,2026-07-13 20:06:36
27,11.8,64.0,14.5,5820.54,5820.54,1.05,2026-07-13 20:07:36
28,4.1,60.1,14.5,435.68,435.68,0.84,2026-07-13 20:08:36
29,3.2,60.4,14.5,683.96,683.96,0.81,2026-07-13 20:09:36
30,4.4,58.7,14.5,866.49,866.49,0.9,2026-07-13 20:10:36
31,3.7,58.9,14.5,4266.83,4266.83,0.67,2026-07-13 20:11:36
32,4.3,58.6,14.5,425.36,425.36,0.47,2026-07-13 20:12:36
33,2.4,57.8,14.5,651.89,540.75,0.46,2026-07-13 20:13:37
34,1.7,58.5,14.5,865.05,865.05,0.55,2026-07-13 20:14:37
35,3.2,57.9,14.5,2364.58,2364.58,0.28,2026-07-13 20:15:37
36,5.3,58.7,14.5,577.38,547.53,0.46,2026-07-13 20:16:37
37,3.1,58.3,14.5,2979.92,580.74,0.4,2026-07-13 20:17:37
38,5.1,60.8,14.5,3273.01,1034.35,0.45,2026-07-13 20:18:37
39,3.7,62.2,14.5,2323.66,3426.78,0.67,2026-07-13 20:19:37
40,3.3,62.8,14.5,2900.68,2900.68,0.55,2026-07-13 20:20:37
41,3.9,63.3,14.5,29456.4,2705.07,0.73,2026-07-13 20:21:37
42,3.0,62.0,14.5,628.24,628.24,0.38,2026-07-13 20:22:37
43,4.9,62.6,14.5,606.54,606.54,0.3,2026-07-13 20:23:38
44,4.8,62.1,14.5,3767.46,1208.2,0.49,2026-07-13 20:24:38
45,5.7,64.4,14.5,810.86,810.86,0.61,2026-07-13 20:25:38
46,3.9,62.6,14.5,2736.2,2736.2,0.55,2026-07-13 20:26:38
47,3.2,63.1,14.5,391.9,391.9,0.37,2026-07-13 20:27:38
48,4.9,62.9,14.5,1570.28,4662.61,0.88,2026-07-13 20:28:38
49,4.2,62.2,14.5,808.54,808.54,0.86,2026-07-13 20:29:38
50,3.5,61.6,14.5,1958.95,1958.95,0.56,2026-07-13 20:30:38
51,2.7,62.0,14.5,596.69,399.63,0.36,2026-07-13 20:31:38
52,4.5,63.0,14.5,575.91,575.91,0.43,2026-07-13 20:32:38
53,3.6,66.6,14.5,1157.82,1157.82,1.0,2026-07-13 20:33:39
54,3.4,65.2,14.5,1961.14,567.57,0.67,2026-07-13 20:34:39
55,6.2,62.8,14.5,517.93,482.25,0.8,2026-07-13 20:35:39
56,3.7,61.0,14.5,1072.93,909.06,0.52,2026-07-13 20:36:39
57,3.9,62.0,14.5,2464.14,2464.14,0.54,2026-07-13 20:37:39
58,3.7,61.2,14.5,3592.03,1838.37,0.35,2026-07-13 20:38:39
59,3.2,60.3,14.5,490.39,490.39,0.35,2026-07-13 20:39:39
60,3.2,59.6,14.5,16803.0,144572.0,0.5,2026-07-13 20:40:39
61,3.6,60.8,14.5,988.74,988.74,0.73,2026-07-13 20:41:39
62,3.4,60.2,14.5,2055.13,2055.13,0.59,2026-07-13 20:42:39
63,2.8,60.2,14.5,4387.23,3645.76,0.31,2026-07-13 20:43:40
64,3.8,63.1,14.5,2929.03,2094.0,0.21,2026-07-13 20:44:40
65,3.5,64.3,14.5,683.75,534.02,0.35,2026-07-13 20:45:40
66,3.1,62.9,14.5,482.94,235.94,0.36,2026-07-13 20:46:40
67,3.6,65.2,14.5,2731.13,960.18,0.48,2026-07-13 20:47:40
68,4.0,61.4,14.5,3763.92,27525.3,0.7,2026-07-13 20:48:40
69,2.6,61.0,14.5,3231.89,1199.69,0.47,2026-07-13 20:49:40
70,3.8,62.0,14.5,2385.19,695.7,0.29,2026-07-13 20:50:40
71,2.6,61.4,14.5,1566.48,533.15,0.27,2026-07-13 20:51:41
72,2.2,64.1,14.5,1096.8,439.19,0.36,2026-07-13 20:52:41
73,2.0,62.4,14.5,1077.8,812.45,0.3,2026-07-13 20:53:41
74,3.0,62.6,14.5,1384.17,470.7,0.11,2026-07-13 20:54:41
75,3.0,62.4,14.5,885.58,457.03,0.18,2026-07-13 20:55:41
76,2.9,62.6,14.5,575.42,248.73,0.38,2026-07-13 20:56:41
77,2.8,61.9,14.5,592.94,330.28,0.4,2026-07-13 20:57:41
78,3.0,62.2,14.5,1325.27,675.27,0.3,2026-07-13 20:58:42
79,1.3,60.7,14.5,462.9,285.87,0.31,2026-07-13 20:59:42
80,0.5,60.2,14.5,248.1,201.12,0.15,2026-07-13 21:00:42
81,0.5,60.5,14.5,401.21,238.05,0.08,2026-07-13 21:01:42
82,0.4,60.5,14.5,148.94,121.85,0.12,2026-07-13 21:02:42
83,0.4,60.5,14.5,275.13,242.33,0.04,2026-07-13 21:03:42
84,0.4,60.5,14.5,129.35,113.76,0.01,2026-07-13 21:04:42
85,0.4,60.5,14.5,121.53,108.91,0.12,2026-07-13 21:05:42
86,0.5,60.8,14.5,453.22,396.25,0.04,2026-07-13 21:06:43
87,0.5,60.9,14.5,586.7,651.52,0.01,2026-07-13 21:07:43
88,0.4,60.9,14.5,161.48,135.33,0.05,2026-07-13 21:08:43
89,0.4,60.9,14.5,267.31,236.92,0.02,2026-07-13 21:09:43
90,0.4,60.9,14.5,116.69,107.86,0.13,2026-07-13 21:10:43
91,0.4,60.8,14.5,129.26,115.85,0.2,2026-07-13 21:11:43
92,0.5,60.9,14.5,112.69,108.9,0.07,2026-07-13 21:12:43
93,0.6,63.0,14.5,137.29,116.57,0.11,2026-07-13 21:13:43
94,0.4,63.0,14.5,108.99,106.7,0.04,2026-07-13 21:14:44
95,0.4,63.0,14.5,117.82,106.66,0.01,2026-07-13 21:15:44
96,0.4,63.0,14.5,122.94,114.2,0.0,2026-07-13 21:16:44
97,0.4,63.0,14.5,234.07,150.74,0.0,2026-07-13 21:17:44
98,0.4,63.1,14.5,267.62,121.23,0.05,2026-07-13 21:18:44
99,0.4,63.1,14.5,126.4,110.96,0.09,2026-07-13 21:19:44
100,0.4,63.2,14.5,327.28,295.31,0.03,2026-07-13 21:20:44
101,0.4,62.9,14.5,335.56,279.45,0.01,2026-07-13 21:21:44
102,0.4,62.8,14.5,139.58,115.79,0.0,2026-07-13 21:22:45
103,0.4,62.8,14.5,134.16,118.04,0.03,2026-07-13 21:23:45
104,0.4,62.8,14.5,308.27,301.73,0.01,2026-07-13 21:24:45
105,0.4,62.8,14.5,133.39,121.56,0.0,2026-07-13 21:25:45
106,0.5,62.6,14.5,305.57,193.52,0.0,2026-07-13 21:26:45
107,0.4,62.6,14.5,125.82,110.81,0.03,2026-07-13 21:27:45
108,0.4,62.6,14.5,224.85,208.94,0.01,2026-07-13 21:28:45
109,0.4,62.6,14.5,223.58,180.86,0.0,2026-07-13 21:29:46
110,0.6,62.6,14.5,255.06,232.74,0.04,2026-07-13 21:30:46
111,0.4,62.6,14.5,137.61,120.6,0.01,2026-07-13 21:31:46
112,0.4,62.6,14.5,128.2,112.18,0.0,2026-07-13 21:32:46
113,0.4,62.7,14.5,258.17,236.6,0.07,2026-07-13 21:33:46
114,0.5,62.6,14.5,118.48,108.94,0.02,2026-07-13 21:34:46
115,0.4,62.6,14.5,117.97,106.81,0.06,2026-07-13 21:35:46
116,0.4,62.6,14.5,120.2,116.34,0.08,2026-07-13 21:36:47
117,0.4,62.6,14.5,127.88,113.95,0.1,2026-07-13 21:37:47
118,0.4,62.6,14.5,132.62,117.05,0.14,2026-07-13 21:38:47
119,0.4,62.6,14.5,243.97,229.81,0.05,2026-07-13 21:39:47
120,0.4,62.6,14.5,289.53,249.11,0.02,2026-07-13 21:40:47
121,0.4,62.9,14.5,305.63,195.95,0.0,2026-07-13 21:41:47
122,0.4,62.9,14.5,268.02,242.44,0.04,2026-07-13 21:42:47
123,0.4,63.0,14.5,290.17,131.41,0.07,2026-07-13 21:43:48
124,0.4,63.0,14.5,133.24,115.79,0.14,2026-07-13 21:44:48
125,0.4,63.0,14.5,248.29,226.96,0.05,2026-07-13 21:45:48
126,0.5,63.3,14.5,310.5,274.24,0.05,2026-07-13 21:46:48
127,0.6,63.5,14.5,120.09,110.2,0.1,2026-07-13 21:47:48
128,4.5,66.5,14.5,7304.18,3399.87,0.35,2026-07-13 21:48:48
129,1.1,63.7,14.5,993.24,920.74,0.29,2026-07-13 21:49:48
130,0.0,30.4,14.4,8235.09,8235.09,1.49,2026-07-14 02:11:54
131,1.9,36.1,14.4,4518.19,4146.71,0.66,2026-07-14 02:12:54
132,4.1,40.3,14.4,6998.47,66195.5,0.85,2026-07-14 02:13:54
133,3.8,42.9,14.4,3891.39,2298.24,0.59,2026-07-14 02:14:54
134,1.7,41.4,14.4,451.36,228.93,0.39,2026-07-14 02:15:55
135,2.8,41.0,14.4,3781.28,5402.11,0.66,2026-07-14 02:16:55
136,3.5,40.6,14.4,1372.65,1360.71,0.87,2026-07-14 02:17:55
137,1.8,40.6,14.4,461.55,200.53,0.4,2026-07-14 02:18:55
138,1.6,40.4,14.4,495.36,206.36,0.36,2026-07-14 02:19:55
139,2.3,40.8,14.4,397.43,174.53,0.34,2026-07-14 02:20:55
140,0.0,80.0,14.4,11993.9,28696.4,3.28,2026-07-14 02:21:55
141,71.7,79.6,14.4,1193.17,1096.52,8.34,2026-07-14 02:22:56
142,62.9,79.7,14.4,543.17,415.46,9.4,2026-07-14 02:23:56
143,79.9,82.3,14.4,1419.33,1987.03,8.99,2026-07-14 02:24:57
144,79.6,82.7,14.4,438.79,215.0,9.7,2026-07-14 02:25:57
145,78.5,81.5,14.4,540.98,226.99,10.06,2026-07-14 02:26:57
146,78.6,81.5,14.4,1243.26,1476.29,10.45,2026-07-14 02:27:57
147,77.8,81.6,14.4,476.21,214.0,10.97,2026-07-14 02:28:57
148,76.8,82.2,14.4,504.68,232.53,9.59,2026-07-14 02:29:57
149,77.0,82.2,14.4,419.12,205.0,9.83,2026-07-14 02:30:58
150,77.3,83.0,14.4,1496.72,485.01,10.39,2026-07-14 02:31:58
151,78.1,82.4,14.4,3890.61,2551.78,10.53,2026-07-14 02:32:58
152,77.9,83.0,14.4,670.23,299.28,9.51,2026-07-14 02:33:58
153,78.0,82.3,14.4,6093.16,9576.25,9.39,2026-07-14 02:34:58
154,77.5,82.3,14.4,490.28,228.86,8.74,2026-07-14 02:35:58
155,76.7,80.6,14.4,559.45,222.05,10.26,2026-07-14 02:36:59
156,77.1,83.1,14.4,507.76,248.37,11.01,2026-07-14 02:37:59
157,77.1,84.1,14.4,615.94,439.66,9.52,2026-07-14 02:38:59
158,60.0,46.1,14.4,1243.8,3057.9,6.79,2026-07-14 02:39:59
159,41.0,68.7,14.4,3368.09,5302.54,7.63,2026-07-14 02:40:59
160,52.6,83.9,14.4,8611.8,8564.55,9.78,2026-07-14 02:41:59
161,65.9,85.9,14.4,1007.62,889.88,9.06,2026-07-14 02:43:00
162,53.3,28.2,14.4,992.41,1557.77,6.64,2026-07-14 02:44:00
163,21.7,27.7,14.4,378.79,162.05,2.73,2026-07-14 02:45:00
164,2.4,27.6,14.4,375.59,157.32,1.18,2026-07-14 02:46:00
165,1.9,28.0,14.4,486.83,180.25,0.82,2026-07-14 02:47:00
166,2.5,29.8,14.4,1128.14,1353.99,0.55,2026-07-14 02:48:00
167,2.9,28.1,14.4,389.67,185.83,0.76,2026-07-14 02:49:00
168,3.1,27.8,14.4,974.94,1153.18,0.78,2026-07-14 02:50:01
169,3.1,28.0,14.4,385.4,160.88,0.68,2026-07-14 02:51:01
170,2.7,27.9,14.4,494.51,182.52,0.62,2026-07-14 02:52:01
171,2.6,27.9,14.4,371.43,156.36,0.82,2026-07-14 02:53:01
172,3.2,29.5,14.4,1157.77,1376.95,0.55,2026-07-14 02:54:01
173,3.2,29.0,14.4,378.06,162.03,0.59,2026-07-14 02:55:01
174,3.0,29.9,14.4,519.38,556.87,0.54,2026-07-14 02:56:01
175,3.5,28.5,14.4,847.47,900.08,0.71,2026-07-14 02:57:01
176,3.3,28.6,14.4,387.16,159.11,0.67,2026-07-14 02:58:02
177,2.8,28.6,14.4,393.94,170.02,0.54,2026-07-14 02:59:02
178,2.6,28.8,14.4,1034.45,1195.31,0.44,2026-07-14 03:00:02
179,2.1,28.3,14.4,294.98,135.9,0.34,2026-07-14 03:01:02
180,2.0,28.5,14.4,507.43,183.59,0.78,2026-07-14 03:02:02
181,3.0,29.3,14.4,611.33,320.54,0.97,2026-07-14 03:03:02
182,3.8,29.4,14.4,980.5,1271.18,0.97,2026-07-14 03:04:02
183,3.9,33.4,14.4,566.26,229.82,0.95,2026-07-14 03:05:02
184,3.8,33.2,14.4,794.71,1487.36,1.05,2026-07-14 03:06:03
185,11.8,61.6,14.4,11233.0,13115.3,2.3,2026-07-14 03:07:03
186,43.9,78.8,14.4,556.29,460.31,6.5,2026-07-14 03:08:03
187,68.8,81.6,14.4,490.06,230.75,9.0,2026-07-14 03:09:03
188,70.8,80.0,14.4,860.55,2022.94,8.92,2026-07-14 03:10:03
189,58.7,35.5,14.4,680.54,365.11,6.8,2026-07-14 03:11:03
190,24.1,35.7,14.4,1627.95,1271.88,2.73,2026-07-14 03:12:04
191,17.1,89.0,14.4,12350.7,14054.9,3.98,2026-07-14 03:13:04
192,18.1,90.8,14.4,1474.09,1802.76,2.14,2026-07-14 03:14:04
193,5.0,91.1,14.4,1167.2,1000.87,1.44,2026-07-14 03:15:04
194,5.5,88.6,14.4,1646.77,1255.06,2.38,2026-07-14 03:16:04
195,5.4,88.0,14.4,2857.58,1490.36,1.39,2026-07-14 03:17:04
196,5.1,83.9,14.4,2179.13,1990.07,1.1,2026-07-14 03:18:05
197,5.5,82.4,14.4,1551.4,1961.7,0.7,2026-07-14 03:19:05
198,4.3,83.7,14.4,21321.3,20984.8,0.56,2026-07-14 03:20:05
199,6.9,86.0,14.4,104523.0,104289.0,1.17,2026-07-14 03:21:05
200,9.6,86.6,14.4,214261.0,213950.0,1.67,2026-07-14 03:22:05
201,7.1,86.0,14.4,52758.5,49560.3,1.32,2026-07-14 03:23:05
202,7.1,83.2,14.4,2503.02,2349.47,1.75,2026-07-14 03:24:05
203,9.7,82.9,14.4,32608.1,6864.47,1.44,2026-07-14 03:25:05
204,8.6,82.7,14.4,50700.9,50780.6,1.0,2026-07-14 03:26:06
205,8.1,83.1,14.4,76566.1,9615.77,0.87,2026-07-14 03:27:06
206,15.3,83.0,14.4,56411.8,9479.1,2.02,2026-07-14 03:28:06
207,17.8,83.2,14.4,65861.7,18440.7,2.0,2026-07-14 03:29:06
208,14.7,82.8,14.4,50535.6,2548.8,1.94,2026-07-14 03:30:06
209,19.2,79.2,14.4,105867.0,10224.2,2.43,2026-07-14 03:31:06
210,17.5,79.9,14.4,124046.0,123724.0,3.14,2026-07-14 03:32:06
211,9.8,77.2,14.4,59531.8,59275.7,1.44,2026-07-14 03:33:06
212,6.4,77.4,14.4,51459.6,51084.6,1.23,2026-07-14 03:34:07
213,7.5,77.6,14.4,53810.2,3433.34,1.63,2026-07-14 03:35:07
214,11.2,77.9,14.4,3188.47,3484.12,1.72,2026-07-14 03:36:07
215,11.9,78.2,14.4,2299.74,1974.12,1.54,2026-07-14 03:37:07
216,15.2,79.0,14.4,69404.1,10976.1,1.58,2026-07-14 03:38:07
217,20.0,80.2,14.4,109153.0,12629.3,2.74,2026-07-14 03:39:07
218,14.9,82.4,14.4,129937.0,129760.0,1.32,2026-07-14 03:40:07
219,6.5,80.0,14.4,66624.0,66403.5,0.71,2026-07-14 03:41:07
220,4.5,80.2,14.4,87416.5,87096.9,0.9,2026-07-14 03:42:07
221,4.4,80.5,14.4,57054.0,55252.7,1.4,2026-07-14 03:43:08
222,4.2,80.9,14.4,68096.2,67877.3,0.67,2026-07-14 03:44:08
223,5.0,81.3,14.4,33210.1,32860.9,0.59,2026-07-14 03:45:08
224,6.6,92.9,14.4,12237.3,65203.5,0.36,2026-07-14 03:46:08
225,6.4,92.1,14.4,17609.4,98237.9,3.03,2026-07-14 03:47:08
226,6.1,91.5,14.4,13210.6,53442.2,1.44,2026-07-14 03:48:08
227,5.9,90.4,14.4,7562.57,11714.5,1.21,2026-07-14 03:49:09
228,4.4,91.7,14.4,2837.52,1606.01,1.07,2026-07-14 03:50:09
229,4.3,89.4,14.4,1484.31,940.26,1.54,2026-07-14 03:51:09
230,5.4,89.1,14.4,2695.27,6591.07,1.12,2026-07-14 03:52:09
231,5.0,89.3,14.4,2566.85,1847.43,1.08,2026-07-14 03:53:09
232,4.0,90.7,14.4,3067.2,4352.57,0.7,2026-07-14 03:54:09
233,4.9,90.9,14.4,12571.4,32543.1,0.6,2026-07-14 03:55:09
234,5.7,93.7,14.4,7379.36,10112.9,2.62,2026-07-14 03:56:09
235,4.3,93.1,14.4,1401.61,895.92,1.22,2026-07-14 03:57:10
236,3.2,90.0,14.4,2081.02,1232.79,0.68,2026-07-14 03:58:10
237,3.4,89.7,14.4,3107.79,5293.52,0.85,2026-07-14 03:59:10
238,3.9,91.9,14.4,5940.88,8141.56,0.87,2026-07-14 04:00:10
239,4.4,90.0,14.4,3405.41,6698.82,2.75,2026-07-14 04:01:10
240,4.1,91.4,14.4,8642.82,11397.0,1.57,2026-07-14 04:02:10
241,5.3,92.4,14.4,6436.68,10591.9,1.21,2026-07-14 04:03:10
242,5.7,91.5,14.4,1379.56,2754.83,1.02,2026-07-14 04:04:10
243,4.2,91.2,14.4,1039.07,752.03,0.76,2026-07-14 04:05:11
244,3.5,91.5,14.4,1325.83,1020.16,0.71,2026-07-14 04:06:11
245,4.2,90.9,14.4,1352.28,1376.28,2.49,2026-07-14 04:07:11
246,4.3,90.4,14.4,1333.43,898.09,1.04,2026-07-14 04:08:11
247,3.1,90.5,14.4,1210.85,841.95,0.56,2026-07-14 04:09:11
248,2.8,90.6,14.4,856.92,641.79,0.31,2026-07-14 04:10:11
249,3.2,90.7,14.4,1178.97,1742.12,0.45,2026-07-14 04:11:11
250,4.6,90.5,14.4,810.68,1893.86,0.67,2026-07-14 04:12:12
251,6.0,90.9,14.4,2135.75,2724.43,1.13,2026-07-14 04:13:12
252,6.4,44.8,14.4,2368.74,4285.86,1.41,2026-07-14 04:14:12
253,5.8,46.2,14.4,444.11,3511.43,0.65,2026-07-14 04:15:12
254,4.3,44.5,14.4,996.63,1695.47,0.55,2026-07-14 04:16:12
255,2.6,45.1,14.4,1085.02,376.65,0.43,2026-07-14 04:17:12
256,1.9,44.4,14.4,644.04,329.98,0.27,2026-07-14 04:18:12
257,2.3,46.9,14.4,536.35,227.5,0.44,2026-07-14 04:19:12
258,4.2,47.2,14.4,489.94,2733.21,0.68,2026-07-14 04:20:13
259,4.1,46.1,14.4,884.94,550.78,0.41,2026-07-14 04:21:13
260,2.2,46.2,14.4,390.92,184.58,0.22,2026-07-14 04:22:13
261,2.0,46.5,14.4,690.32,340.05,0.56,2026-07-14 04:23:13
262,2.1,47.0,14.4,1360.08,468.18,0.44,2026-07-14 04:24:13
263,2.1,45.7,14.4,1542.19,1314.12,0.32,2026-07-14 04:25:13
264,2.3,45.8,14.4,976.24,456.93,0.39,2026-07-14 04:26:13
265,4.0,47.8,14.4,5760.23,17895.0,0.55,2026-07-14 04:27:13
266,4.9,52.4,14.4,3683.35,6029.13,0.71,2026-07-14 04:28:14
267,3.8,48.7,14.4,1048.39,1189.12,0.57,2026-07-14 04:29:14
268,2.6,48.7,14.4,401.88,186.4,0.55,2026-07-14 04:30:14
269,2.1,48.7,14.4,399.79,189.57,0.2,2026-07-14 04:31:14
270,2.1,48.7,14.4,388.3,178.89,0.11,2026-07-14 04:32:14
271,2.0,48.7,14.4,685.56,324.0,0.26,2026-07-14 04:33:14
272,2.0,48.9,14.4,386.28,180.72,0.21,2026-07-14 04:34:14
273,1.9,48.8,14.4,340.33,160.7,0.17,2026-07-14 04:35:15
274,2.0,47.8,14.4,1658.44,884.89,0.15,2026-07-14 04:36:15
275,2.1,47.7,14.4,316.11,167.96,0.32,2026-07-14 04:37:15
276,1.9,47.5,14.4,612.48,289.9,0.21,2026-07-14 04:38:15
277,1.8,47.7,14.4,424.44,201.03,0.27,2026-07-14 04:39:15
278,1.7,47.6,14.4,384.39,179.84,0.1,2026-07-14 04:40:15
279,1.8,47.5,14.4,379.21,182.41,0.07,2026-07-14 04:41:15
280,1.8,47.5,14.4,374.11,178.72,0.26,2026-07-14 04:42:15
281,1.8,47.4,14.4,521.84,218.89,0.23,2026-07-14 04:43:16
282,1.8,47.4,14.4,377.17,177.78,0.26,2026-07-14 04:44:16
283,1.8,47.1,14.4,692.01,478.12,0.34,2026-07-14 04:45:16
284,1.8,47.3,14.4,1250.76,611.05,0.19,2026-07-14 04:46:16
285,1.8,47.3,14.4,396.71,187.12,0.38,2026-07-14 04:47:16
286,1.8,47.4,14.4,559.14,239.03,0.18,2026-07-14 04:48:16
287,1.8,47.7,14.4,577.49,340.0,0.2,2026-07-14 04:49:16
288,1.8,47.6,14.4,383.54,180.25,0.19,2026-07-14 04:50:16
289,1.8,47.6,14.4,388.82,186.81,0.15,2026-07-14 04:51:17
290,1.8,47.7,14.4,390.15,183.04,0.11,2026-07-14 04:52:17
291,1.8,47.6,14.4,448.34,186.54,0.27,2026-07-14 04:53:17
292,1.8,47.5,14.4,302.78,164.78,0.33,2026-07-14 04:54:17
293,2.2,48.8,14.4,803.28,416.9,0.29,2026-07-14 04:55:17
294,2.3,49.9,14.4,280.62,172.88,0.44,2026-07-14 04:56:17
295,2.4,52.7,14.4,1822.86,3755.74,0.46,2026-07-14 04:57:17
296,12.8,79.9,14.4,3977.29,6062.64,4.24,2026-07-14 04:58:17
297,39.1,78.8,14.4,696.96,684.37,5.89,2026-07-14 04:59:18
298,28.7,79.8,14.4,724.9,644.14,2.64,2026-07-14 05:00:18
299,2.7,79.8,14.4,53655.6,53508.5,2.15,2026-07-14 05:01:18
300,5.6,64.3,14.4,7145.43,11283.5,1.22,2026-07-14 05:02:18
301,7.1,65.9,14.4,9293.76,8203.92,1.44,2026-07-14 05:03:18
302,5.8,66.5,14.4,3389.19,3267.73,1.11,2026-07-14 05:04:18
303,5.3,67.6,14.4,6414.95,5319.62,0.61,2026-07-14 05:05:19
304,12.5,81.5,14.4,55099.2,56086.6,1.7,2026-07-14 05:06:19
305,17.0,81.1,14.4,469313.0,469301.0,1.63,2026-07-14 05:07:19
306,9.9,83.0,14.4,17639.1,17366.1,1.14,2026-07-14 05:08:19
307,4.7,76.2,14.4,5693.99,4439.42,0.86,2026-07-14 05:09:19
308,3.0,77.7,14.4,2488.52,2428.88,0.36,2026-07-14 05:10:19
309,2.2,79.4,14.4,7059.51,6605.39,0.33,2026-07-14 05:11:20
310,3.4,79.9,14.4,5058.91,4886.8,0.44,2026-07-14 05:12:20
311,5.4,82.4,14.4,7361.72,8748.41,0.57,2026-07-14 05:13:20
312,7.5,74.6,14.4,36688.5,37749.8,0.86,2026-07-14 05:14:20
313,6.9,68.2,14.4,6964.55,5451.28,0.6,2026-07-14 05:15:20
314,6.2,72.0,14.4,10998.4,16603.8,0.94,2026-07-14 05:16:20
315,7.9,71.1,14.4,7890.57,12467.5,1.2,2026-07-14 05:17:20
316,8.0,71.2,14.4,9491.19,18394.7,0.83,2026-07-14 05:18:21
317,7.5,69.9,14.4,4473.67,7792.08,1.24,2026-07-14 05:19:21
318,7.1,69.3,14.4,3974.93,4083.55,1.17,2026-07-14 05:20:21
319,5.7,66.0,14.4,2173.91,976.48,0.72,2026-07-14 05:21:21
320,9.1,75.5,14.4,10979.6,12080.1,1.45,2026-07-14 05:22:21
321,8.3,77.9,14.4,30872.0,30752.2,0.99,2026-07-14 05:23:22
322,9.2,83.0,14.4,244604.0,244570.0,1.26,2026-07-14 05:24:22
323,10.6,80.0,14.4,133731.0,132167.0,0.98,2026-07-14 05:25:22
324,5.7,81.6,14.4,3570.06,3220.31,0.86,2026-07-14 05:26:22
325,5.4,82.5,14.4,7977.63,9313.34,0.99,2026-07-14 05:27:22
326,6.6,80.6,14.4,4347.09,5428.91,1.13,2026-07-14 05:28:22
327,7.6,81.1,14.4,6500.01,8556.57,1.22,2026-07-14 05:29:23
328,6.9,80.5,14.4,5397.82,7975.32,0.93,2026-07-14 05:30:23
329,5.3,81.1,14.4,5061.83,6490.14,0.7,2026-07-14 05:31:23
330,4.6,81.9,14.4,5380.6,13176.6,0.75,2026-07-14 05:32:23
331,6.9,85.0,14.4,12273.7,25083.0,1.45,2026-07-14 05:33:23
332,7.8,84.5,14.4,1110.51,2567.41,1.18,2026-07-14 05:34:23
333,5.0,84.0,14.4,594.66,396.78,0.82,2026-07-14 05:35:24
334,2.7,84.2,14.4,424.02,187.9,0.4,2026-07-14 05:36:24
335,2.6,84.3,14.4,400.16,193.2,0.19,2026-07-14 05:37:24
336,4.2,84.8,14.4,708.89,437.28,1.01,2026-07-14 05:38:24
337,5.1,84.2,14.4,853.69,1284.93,0.53,2026-07-14 05:39:24
338,3.5,84.2,14.4,660.32,297.29,0.65,2026-07-14 05:40:24
339,2.7,84.6,14.4,417.65,188.33,0.64,2026-07-14 05:41:25
340,2.7,84.8,14.4,454.9,276.88,0.36,2026-07-14 05:42:25
341,2.9,85.9,14.4,2079.09,1069.08,0.33,2026-07-14 05:43:25
342,3.6,84.4,14.4,10257.2,9880.79,0.92,2026-07-14 05:44:25
343,4.6,85.8,14.4,10489.3,9703.11,0.93,2026-07-14 05:45:25
344,6.2,85.1,14.4,115485.0,114976.0,0.81,2026-07-14 05:46:25
345,6.7,86.4,14.4,51349.8,50914.7,1.69,2026-07-14 05:47:25
346,5.3,86.4,14.4,2534.4,1995.89,1.39,2026-07-14 05:48:26
347,4.3,86.0,14.4,5404.27,5447.25,0.7,2026-07-14 05:49:26
348,5.9,46.4,14.4,8878.95,8240.94,1.41,2026-07-14 05:50:26
349,19.2,75.1,14.4,72072.6,78259.3,3.38,2026-07-14 05:51:26
350,19.1,76.0,14.4,77888.1,77746.6,1.53,2026-07-14 05:52:26
351,7.6,76.8,14.4,180469.0,179946.0,1.08,2026-07-14 05:53:26
352,6.9,71.3,14.4,56945.3,56480.1,1.01,2026-07-14 05:54:27
353,4.5,71.6,14.4,4062.68,3642.71,0.71,2026-07-14 05:55:27
354,3.8,72.4,14.4,9010.83,8846.04,0.29,2026-07-14 05:56:27
355,4.4,72.9,14.4,68149.7,67846.3,0.39,2026-07-14 05:57:27
356,3.7,73.0,14.4,9291.37,8910.45,0.4,2026-07-14 05:58:27
357,2.9,72.8,14.4,9002.13,8827.15,0.27,2026-07-14 05:59:27
358,3.7,73.0,14.4,57782.9,57544.0,0.68,2026-07-14 06:00:28
359,5.1,72.9,14.4,149247.0,148944.0,0.73,2026-07-14 06:01:28
360,6.1,76.1,14.4,163592.0,163217.0,0.7,2026-07-14 06:02:28
361,4.9,74.5,14.4,9014.13,9065.14,0.49,2026-07-14 06:03:28
362,3.8,75.0,14.4,6994.11,10795.4,0.76,2026-07-14 06:04:28
363,5.0,73.7,14.4,11450.3,23656.4,0.56,2026-07-14 06:05:28
364,5.7,74.0,14.4,9307.22,10105.3,0.51,2026-07-14 06:06:29
365,5.3,74.9,14.4,8802.56,8585.82,0.6,2026-07-14 06:07:29
366,4.7,73.2,14.4,9439.48,9426.58,0.83,2026-07-14 06:08:29
367,7.7,74.7,14.4,165776.0,165273.0,1.27,2026-07-14 06:09:29
368,9.0,42.5,14.4,156079.0,155380.0,1.08,2026-07-14 06:10:29
369,0.0,30.9,14.4,8446.77,8446.77,0.98,2026-07-14 06:11:37
370,3.4,37.9,14.4,837.31,648.65,0.5,2026-07-14 06:12:37
371,19.1,59.6,14.4,221218.0,227446.0,2.19,2026-07-14 06:13:37
372,4.7,59.5,14.4,159103.0,159085.0,1.17,2026-07-14 06:14:37
373,4.0,59.4,14.4,57392.8,57372.5,0.66,2026-07-14 06:15:38
374,0.0,31.0,14.4,8451.36,8451.36,0.98,2026-07-14 06:37:13
375,4.2,39.4,14.4,11896.8,42601.7,0.91,2026-07-14 06:38:13
376,5.3,41.4,14.4,16188.2,125297.0,1.09,2026-07-14 06:39:13
377,7.0,45.3,14.4,21366.5,129561.0,1.29,2026-07-14 06:40:13
378,9.2,50.6,14.4,41171.8,204399.0,1.13,2026-07-14 06:41:13
379,5.2,50.7,14.4,19547.6,100737.0,0.96,2026-07-14 06:42:14
380,6.0,50.4,14.4,19066.7,114887.0,1.1,2026-07-14 06:43:14
381,5.9,51.0,14.4,18249.0,125538.0,0.72,2026-07-14 06:44:14
382,1.0,50.9,14.4,457.99,237.11,0.31,2026-07-14 06:45:14
383,0.9,50.6,14.4,267.32,140.99,0.35,2026-07-14 06:46:14
384,0.0,50.3,14.4,748.69,709.6,0.26,2026-07-14 06:47:14
385,2.9,50.9,14.4,4218.01,33911.6,0.34,2026-07-14 06:48:15
386,2.8,50.4,14.4,9428.65,125927.0,0.66,2026-07-14 06:49:15
387,7.7,51.7,14.4,19412.6,183168.0,1.16,2026-07-14 06:50:15
388,9.8,51.2,14.4,14853.4,187564.0,1.25,2026-07-14 06:51:15
389,4.9,50.9,14.4,710.79,187.79,0.59,2026-07-14 06:52:16
390,1.1,50.8,14.4,255.54,203.73,0.28,2026-07-14 06:53:16
391,1.3,50.7,14.4,133.15,122.85,0.32,2026-07-14 06:54:16
392,1.2,50.8,14.4,252.49,133.21,0.15,2026-07-14 06:55:16
393,0.7,50.8,14.4,127.22,112.82,0.05,2026-07-14 06:56:16
394,0.6,50.7,14.4,128.17,123.83,0.07,2026-07-14 06:57:16
395,0.6,51.1,14.4,476.2,294.18,0.15,2026-07-14 06:58:16
396,0.6,51.0,14.4,615.14,352.93,0.19,2026-07-14 06:59:17
397,0.8,48.4,14.4,496.05,197.21,0.21,2026-07-14 07:00:17
398,0.8,48.2,14.4,169.08,136.46,0.08,2026-07-14 07:01:17
399,0.7,48.2,14.4,126.52,110.69,0.06,2026-07-14 07:02:17
400,0.6,48.2,14.4,155.8,132.57,0.06,2026-07-14 07:03:17
401,0.6,48.4,14.4,298.79,181.78,0.02,2026-07-14 07:04:17
402,0.6,48.3,14.4,222.91,124.87,0.07,2026-07-14 07:05:17
403,0.5,48.3,14.4,113.61,110.62,0.08,2026-07-14 07:06:18
404,0.5,48.4,14.4,120.51,113.09,0.08,2026-07-14 07:07:18
405,0.5,48.4,14.4,138.86,121.68,0.14,2026-07-14 07:08:18
406,0.5,48.4,14.4,445.41,282.73,0.3,2026-07-14 07:09:18
407,0.5,48.5,14.4,269.46,149.81,0.16,2026-07-14 07:10:18
408,0.5,48.6,14.4,117.52,111.93,0.06,2026-07-14 07:11:18
409,0.5,48.6,14.4,132.53,116.89,0.17,2026-07-14 07:12:18
410,0.5,48.9,14.4,136.33,119.42,0.06,2026-07-14 07:13:19
411,0.7,49.3,14.4,109.21,107.28,0.37,2026-07-14 07:14:19
412,0.9,49.4,14.4,296.73,177.82,0.25,2026-07-14 07:15:19
413,1.4,49.7,14.4,7397.55,112888.0,0.31,2026-07-14 07:16:19
414,1.4,49.5,14.4,509.04,267.8,0.15,2026-07-14 07:17:20
415,0.6,49.5,14.4,136.23,122.26,0.05,2026-07-14 07:18:20
416,0.6,49.5,14.4,524.14,507.86,0.06,2026-07-14 07:19:20
417,0.6,49.7,14.4,440.58,345.19,0.05,2026-07-14 07:20:20
418,0.7,49.7,14.4,139.34,119.5,0.12,2026-07-14 07:21:20
419,0.8,48.7,14.4,124.98,116.6,0.08,2026-07-14 07:22:20
420,0.8,48.7,14.4,204.22,175.03,0.02,2026-07-14 07:23:20
421,0.6,48.8,14.4,136.52,121.39,0.01,2026-07-14 07:24:20
422,0.7,48.9,14.4,0.0,0.0,0.0,2026-07-14 07:25:21
423,0.7,48.9,14.4,329.6,329.6,0.04,2026-07-14 07:26:21
424,0.5,48.9,14.4,329.87,329.87,0.07,2026-07-14 07:27:21
425,0.5,48.9,14.4,329.95,329.95,0.02,2026-07-14 07:28:21
426,0.5,48.9,14.4,391.39,391.39,0.14,2026-07-14 07:29:21
427,0.5,49.0,14.4,329.91,329.91,0.16,2026-07-14 07:30:21
428,0.5,49.0,14.4,329.84,329.84,0.06,2026-07-14 07:31:21
429,0.8,49.8,14.4,533.63,533.63,0.07,2026-07-14 07:32:22
430,0.7,49.8,14.4,329.91,329.91,0.08,2026-07-14 07:33:22
431,0.5,49.8,14.4,329.9,329.9,0.2,2026-07-14 07:34:22
432,0.5,49.8,14.4,329.84,329.84,0.19,2026-07-14 07:35:22
433,0.5,49.8,14.4,329.94,329.94,0.07,2026-07-14 07:36:22
434,0.9,49.5,14.4,374.65,374.65,0.25,2026-07-14 07:37:22
435,0.9,49.2,14.4,348.35,348.35,0.09,2026-07-14 07:38:22
436,0.6,49.2,14.4,480.17,480.17,0.07,2026-07-14 07:39:23
437,0.5,49.2,14.4,329.94,329.94,0.02,2026-07-14 07:40:23
438,1.3,49.4,14.4,583.73,583.73,0.18,2026-07-14 07:41:23
439,4.4,52.7,14.4,17967.7,96926.8,0.51,2026-07-14 07:42:23
440,6.5,44.5,14.4,10189.9,122226.0,0.89,2026-07-14 07:43:23
441,3.9,43.7,14.4,1973.61,25661.3,0.47,2026-07-14 07:44:23
442,1.1,43.6,14.4,724.6,393.26,0.17,2026-07-14 07:45:23
443,0.5,43.7,14.4,153.26,183.91,0.06,2026-07-14 07:46:23
444,0.5,43.8,14.4,579.11,416.3,0.02,2026-07-14 07:47:24
445,0.5,43.8,14.4,125.52,110.49,0.01,2026-07-14 07:48:24
446,0.6,42.1,14.4,527.4,427.53,0.0,2026-07-14 07:49:24
447,0.6,42.1,14.4,200.33,201.0,0.07,2026-07-14 07:50:24
448,0.5,42.2,14.4,180.11,272.44,0.18,2026-07-14 07:51:24
449,1.2,43.9,14.4,4925.83,91201.9,0.07,2026-07-14 07:52:24
450,1.3,43.9,14.4,270.68,131.31,0.02,2026-07-14 07:53:24
451,0.5,43.8,14.4,100.06,100.06,0.07,2026-07-14 07:54:25
452,0.4,43.8,14.4,109.7,108.63,0.07,2026-07-14 07:55:25
453,0.4,43.8,14.4,100.04,100.04,0.09,2026-07-14 07:56:25
454,0.6,43.3,14.4,283.34,228.4,0.03,2026-07-14 07:57:25
455,0.6,42.2,14.4,246.76,121.71,0.01,2026-07-14 07:58:25
456,0.5,42.2,14.4,338.01,236.84,0.04,2026-07-14 07:59:25
457,0.5,42.3,14.4,103.71,104.58,0.19,2026-07-14 08:00:25
458,0.5,42.3,14.4,100.06,100.06,0.07,2026-07-14 08:01:25
459,0.5,42.4,14.4,262.08,164.09,0.02,2026-07-14 08:02:26
460,0.5,42.4,14.4,370.25,261.37,0.12,2026-07-14 08:03:26
461,0.5,42.4,14.4,111.58,104.01,0.04,2026-07-14 08:04:26
462,1.5,44.3,14.4,3617.54,59509.5,0.13,2026-07-14 08:05:26
463,2.1,44.4,14.4,2883.2,54254.8,0.13,2026-07-14 08:06:26
464,3.6,44.4,14.4,11208.1,152055.0,0.77,2026-07-14 08:07:26
465,3.3,43.9,14.4,5721.27,100657.0,0.35,2026-07-14 08:08:26
466,0.8,43.6,14.4,375.72,287.04,0.12,2026-07-14 08:09:27
467,0.6,43.6,14.4,141.56,117.99,0.04,2026-07-14 08:10:27
468,0.5,43.7,14.4,117.43,107.43,0.08,2026-07-14 08:11:27
469,0.5,43.9,14.4,792.6,480.14,0.07,2026-07-14 08:12:27
470,0.6,42.4,14.4,351.43,297.6,0.1,2026-07-14 08:13:27
471,0.6,42.3,14.4,110.66,103.54,0.03,2026-07-14 08:14:27
472,0.5,42.3,14.4,125.37,109.37,0.01,2026-07-14 08:15:27
473,0.5,42.3,14.4,146.52,185.05,0.0,2026-07-14 08:16:28
474,0.5,42.4,14.4,322.54,238.49,0.0,2026-07-14 08:17:28
475,0.5,42.3,14.4,100.01,100.01,0.09,2026-07-14 08:18:28
476,0.4,42.3,14.4,229.78,234.42,0.15,2026-07-14 08:19:28
477,0.4,42.4,14.4,103.71,104.58,0.13,2026-07-14 08:20:28
478,0.4,42.4,14.4,106.04,104.11,0.09,2026-07-14 08:21:28
479,0.5,42.5,14.4,494.1,296.77,0.24,2026-07-14 08:22:28
480,0.5,42.5,14.4,135.42,128.44,0.15,2026-07-14 08:23:29
481,0.6,42.7,14.4,1911.74,14326.6,0.05,2026-07-14 08:24:29
482,0.6,42.8,14.4,163.09,133.8,0.08,2026-07-14 08:25:29
483,0.5,42.3,14.4,123.86,109.73,0.03,2026-07-14 08:26:29
484,0.5,42.5,14.4,423.36,280.41,0.07,2026-07-14 08:27:29
485,1.8,44.3,14.4,5050.26,84882.9,0.3,2026-07-14 08:28:29
486,2.5,44.2,14.4,8806.81,164185.0,0.15,2026-07-14 08:29:29
487,1.2,44.0,14.4,127.0,114.97,0.05,2026-07-14 08:30:29
488,0.5,44.0,14.4,134.33,113.92,0.02,2026-07-14 08:31:30
489,4.4,45.9,14.4,17653.0,168207.0,0.36,2026-07-14 08:32:30
490,8.2,45.4,14.4,6467.2,92979.2,0.95,2026-07-14 08:33:30
491,7.0,45.2,14.4,453.97,149.21,0.86,2026-07-14 08:34:30
492,6.2,44.8,14.4,9632.56,83477.1,1.06,2026-07-14 08:35:30
493,3.6,44.4,14.4,426.59,224.94,0.48,2026-07-14 08:36:30
494,0.7,44.2,14.4,243.57,135.2,0.21,2026-07-14 08:37:30
495,0.6,44.2,14.4,120.98,112.01,0.14,2026-07-14 08:38:31
496,0.5,44.2,14.4,460.74,263.88,0.19,2026-07-14 08:39:31
497,0.6,43.5,14.4,300.71,217.35,0.14,2026-07-14 08:40:31
498,1.9,45.7,14.4,6335.27,17669.5,1.0,2026-07-14 08:41:31
499,4.7,45.9,14.4,15465.9,82182.9,1.18,2026-07-14 08:42:31
500,11.7,47.1,14.4,26873.2,159505.0,2.1,2026-07-14 08:43:31
501,12.0,46.0,14.4,8045.88,130477.0,1.18,2026-07-14 08:44:31
502,6.9,45.8,14.4,6086.91,96006.8,1.74,2026-07-14 08:45:31
503,6.7,45.8,14.4,3622.19,48280.3,0.86,2026-07-14 08:46:32
504,7.3,46.0,14.4,5343.83,85495.4,0.74,2026-07-14 08:47:32
505,8.0,46.0,14.4,3808.52,64011.2,0.5,2026-07-14 08:48:32
506,7.9,45.4,14.4,4757.2,79861.7,0.92,2026-07-14 08:49:32
507,9.1,46.1,14.4,11216.6,162380.0,1.86,2026-07-14 08:50:32
508,9.2,45.8,14.4,7144.81,121931.0,1.98,2026-07-14 08:51:32
509,8.7,46.2,14.4,6089.27,94464.3,1.34,2026-07-14 08:52:32
510,8.9,46.1,14.4,9578.47,128591.0,1.05,2026-07-14 08:53:33
511,8.7,45.9,14.4,9247.66,146941.0,1.22,2026-07-14 08:54:33
512,9.0,46.4,14.4,6494.08,94157.4,1.17,2026-07-14 08:55:33
513,6.8,45.5,14.4,529.49,4741.02,0.7,2026-07-14 08:56:33
514,3.4,46.3,14.4,1736.78,20024.1,0.49,2026-07-14 08:57:33
515,7.5,46.6,14.4,11549.4,175022.0,1.32,2026-07-14 08:58:33
516,8.8,45.8,14.4,4452.06,46717.1,0.69,2026-07-14 08:59:33
517,6.6,48.6,14.4,14315.0,113598.0,1.0,2026-07-14 09:00:34
518,7.0,48.9,14.4,9736.46,83398.9,0.71,2026-07-14 09:01:34
519,7.6,47.2,14.4,17453.7,256262.0,0.53,2026-07-14 09:02:34
520,5.2,46.9,14.4,5162.55,85859.9,0.19,2026-07-14 09:03:34
521,1.2,46.7,14.4,134.47,114.38,0.07,2026-07-14 09:04:34
522,1.0,46.6,14.4,403.77,271.57,0.14,2026-07-14 09:05:34
523,1.5,46.8,14.4,1048.74,874.73,0.4,2026-07-14 09:06:34
524,3.3,46.8,14.4,5296.95,102738.0,0.5,2026-07-14 09:07:34
525,5.1,46.5,14.4,8881.8,102031.0,0.69,2026-07-14 09:08:35
526,5.1,46.4,14.4,4931.83,78033.8,0.73,2026-07-14 09:09:35
527,4.6,46.7,14.4,3244.94,51175.8,0.77,2026-07-14 09:10:35
528,4.2,46.9,14.4,9113.89,156835.0,0.46,2026-07-14 09:11:35
529,2.4,47.0,14.4,509.24,302.59,0.28,2026-07-14 09:12:35
530,1.0,46.8,14.4,574.03,327.75,0.23,2026-07-14 09:13:35
531,0.9,46.8,14.4,117.57,107.55,0.16,2026-07-14 09:14:35
532,1.3,47.2,14.4,222.03,135.02,0.06,2026-07-14 09:15:35
533,5.1,47.6,14.4,9488.05,102915.0,0.63,2026-07-14 09:16:36
534,7.3,47.4,14.4,10569.2,129074.0,1.01,2026-07-14 09:17:36
535,4.5,47.0,14.4,1097.35,4421.16,0.71,2026-07-14 09:18:36
536,2.7,47.0,14.4,4932.99,96603.6,0.44,2026-07-14 09:19:36
537,1.8,47.0,14.4,199.85,118.16,0.22,2026-07-14 09:20:36
538,1.0,46.8,14.4,256.69,149.29,0.32,2026-07-14 09:21:36
539,0.9,46.9,14.4,123.12,111.41,0.15,2026-07-14 09:22:36
540,0.9,47.0,14.4,253.32,158.39,0.05,2026-07-14 09:23:37
541,1.1,47.2,14.4,116.98,105.92,0.09,2026-07-14 09:24:37
542,1.3,47.1,14.4,127.27,120.72,0.15,2026-07-14 09:25:37
543,1.6,47.3,14.4,442.97,835.36,0.21,2026-07-14 09:26:37
544,2.7,47.6,14.4,2096.32,41201.4,0.08,2026-07-14 09:27:37
545,2.4,47.3,14.4,603.79,299.26,0.29,2026-07-14 09:28:37
546,1.5,47.0,14.4,367.63,347.63,0.26,2026-07-14 09:29:37
547,1.4,46.9,14.4,245.35,130.2,0.21,2026-07-14 09:30:38
548,1.2,47.1,14.4,353.51,224.44,0.19,2026-07-14 09:31:38
549,1.1,46.8,14.4,247.84,133.18,0.1,2026-07-14 09:32:38
550,0.9,46.8,14.4,112.51,106.76,0.04,2026-07-14 09:33:38
551,0.9,46.8,14.4,115.94,109.49,0.01,2026-07-14 09:34:38
552,0.9,46.9,14.4,111.28,106.97,0.04,2026-07-14 09:35:38
553,1.0,44.9,14.4,371.4,193.78,0.12,2026-07-14 09:36:38
554,1.1,44.6,14.4,122.7,110.99,0.04,2026-07-14 09:37:38
555,0.9,44.8,14.4,193.11,173.01,0.01,2026-07-14 09:38:39
556,0.9,44.7,14.4,444.28,319.68,0.04,2026-07-14 09:39:39
557,0.9,45.1,14.4,115.93,110.15,0.09,2026-07-14 09:40:39
558,0.9,44.8,14.4,329.76,187.59,0.1,2026-07-14 09:41:39
559,0.9,45.1,14.4,1004.01,643.26,0.12,2026-07-14 09:42:39
560,2.5,46.9,14.4,2384.12,37668.4,0.81,2026-07-14 09:43:39
561,4.8,46.9,14.4,9237.19,124576.0,0.73,2026-07-14 09:44:39
562,3.8,47.0,14.4,2038.69,31325.2,0.35,2026-07-14 09:45:40
563,1.6,46.9,14.4,452.55,280.86,0.18,2026-07-14 09:46:40
564,1.1,46.7,14.4,165.41,128.62,0.2,2026-07-14 09:47:40
565,1.4,47.5,14.4,226.82,124.8,0.35,2026-07-14 09:48:40
566,2.5,47.3,14.4,3101.48,43452.0,0.23,2026-07-14 09:49:40
567,2.1,47.3,14.4,201.69,115.58,0.12,2026-07-14 09:50:40
568,1.0,47.2,14.4,274.11,162.83,0.09,2026-07-14 09:51:40
569,1.6,47.5,14.4,968.09,12165.4,0.29,2026-07-14 09:52:40
570,3.9,47.3,14.4,7267.68,89777.0,0.35,2026-07-14 09:53:41
571,5.2,46.9,14.4,5798.68,112348.0,0.27,2026-07-14 09:54:41
572,4.6,47.3,14.4,2882.91,52780.5,0.64,2026-07-14 09:55:41
573,3.6,48.3,14.4,8530.11,28914.1,0.58,2026-07-14 09:56:41
574,4.8,52.2,14.4,16921.4,110932.0,1.18,2026-07-14 09:57:41
575,3.7,51.2,14.4,780.82,298.11,0.43,2026-07-14 09:58:41
576,0.8,50.9,14.4,703.66,455.29,0.2,2026-07-14 09:59:41
577,0.6,50.9,14.4,136.05,120.76,0.2,2026-07-14 10:00:42
578,3.2,51.8,14.4,3223.3,45945.8,0.87,2026-07-14 10:01:42
579,5.7,51.7,14.4,4963.83,67677.2,0.59,2026-07-14 10:02:42
580,4.2,51.2,14.4,2125.39,22956.1,0.65,2026-07-14 10:03:42
581,4.3,48.3,14.4,7663.19,47268.1,0.59,2026-07-14 10:04:42
582,3.9,47.4,14.4,2633.45,3106.32,0.52,2026-07-14 10:05:42
583,2.1,48.8,14.4,8400.21,39066.4,0.23,2026-07-14 10:06:42
584,2.7,46.3,14.4,2853.68,6749.54,0.14,2026-07-14 10:07:42
585,2.2,46.3,14.4,1091.42,16047.6,0.16,2026-07-14 10:08:43
586,2.9,46.3,14.4,6123.81,18194.6,0.48,2026-07-14 10:09:43
587,3.4,46.1,14.4,412.64,271.55,0.6,2026-07-14 10:10:43
588,2.6,45.8,14.4,176.42,126.82,0.37,2026-07-14 10:11:43
589,2.7,45.9,14.4,574.65,413.34,0.21,2026-07-14 10:12:43
590,1.8,45.7,14.4,280.56,210.56,0.12,2026-07-14 10:13:43
591,1.0,45.6,14.4,117.58,106.7,0.08,2026-07-14 10:14:43
592,0.9,45.7,14.4,400.65,236.72,0.11,2026-07-14 10:15:43
593,1.8,48.2,14.4,848.58,6279.99,0.37,2026-07-14 10:16:44
594,2.0,47.4,14.4,410.75,847.04,0.38,2026-07-14 10:17:44
595,1.1,47.0,14.4,194.54,174.84,0.14,2026-07-14 10:18:44
596,0.9,46.8,14.4,307.62,278.34,0.05,2026-07-14 10:19:44
597,1.8,47.1,14.4,1243.42,18276.2,0.39,2026-07-14 10:20:44
598,3.9,47.2,14.4,8283.23,58450.0,0.57,2026-07-14 10:21:44
599,5.6,47.1,14.4,6087.22,82216.0,0.42,2026-07-14 10:22:44
600,5.8,46.9,14.4,3648.79,45098.3,0.71,2026-07-14 10:23:44
601,5.2,46.3,14.4,2254.9,33406.0,0.61,2026-07-14 10:24:45
602,4.7,46.6,14.4,2001.07,25223.9,0.72,2026-07-14 10:25:45
603,4.8,47.0,14.4,3826.43,37855.2,0.74,2026-07-14 10:26:45
604,3.1,46.8,14.4,1238.41,11981.1,0.45,2026-07-14 10:27:45
605,1.1,46.6,14.4,281.08,209.13,0.38,2026-07-14 10:28:45
606,1.0,46.6,14.4,258.86,246.85,0.14,2026-07-14 10:29:45
607,0.9,46.7,14.4,315.4,188.58,0.05,2026-07-14 10:30:45
608,0.9,46.7,14.4,128.12,111.1,0.13,2026-07-14 10:31:46
609,1.0,45.4,14.4,289.8,137.52,0.08,2026-07-14 10:32:46
610,1.0,45.3,14.4,192.75,174.88,0.17,2026-07-14 10:33:46
611,0.9,45.4,14.4,118.39,110.97,0.12,2026-07-14 10:34:46
612,0.9,45.6,14.4,323.07,185.72,0.25,2026-07-14 10:35:46
613,0.9,45.5,14.4,116.04,107.11,0.19,2026-07-14 10:36:46
614,0.9,45.5,14.4,124.2,110.86,0.15,2026-07-14 10:37:46
615,0.9,45.4,14.4,115.77,106.57,0.06,2026-07-14 10:38:46
616,0.9,45.5,14.4,444.42,381.29,0.16,2026-07-14 10:39:47
617,0.9,45.7,14.4,302.23,186.61,0.12,2026-07-14 10:40:47
618,0.9,45.6,14.4,118.66,107.7,0.23,2026-07-14 10:41:47
619,0.9,45.6,14.4,1281.61,819.54,0.17,2026-07-14 10:42:47
620,0.9,45.9,14.4,325.06,279.8,0.06,2026-07-14 10:43:47
621,0.9,46.0,14.4,177.13,131.7,0.02,2026-07-14 10:44:47
622,0.9,46.1,14.4,333.53,190.98,0.2,2026-07-14 10:45:47
623,0.9,46.1,14.4,127.11,109.72,0.2,2026-07-14 10:46:48
624,1.5,48.6,14.4,1378.63,2074.73,0.31,2026-07-14 10:47:48
625,4.9,47.5,14.4,12359.1,113953.0,0.84,2026-07-14 10:48:48
626,6.9,47.5,14.4,5408.87,73844.3,0.85,2026-07-14 10:49:48
627,4.7,47.3,14.4,2448.35,35101.9,0.57,2026-07-14 10:50:48
628,3.4,47.3,14.4,497.22,159.9,0.51,2026-07-14 10:51:48
629,3.8,47.3,14.4,666.61,170.07,0.51,2026-07-14 10:52:48
630,4.7,47.5,14.4,5417.22,43869.5,0.43,2026-07-14 10:53:48
631,5.1,47.2,14.4,5112.63,96988.8,0.24,2026-07-14 10:54:49
632,4.8,47.0,14.4,2161.45,35666.2,0.35,2026-07-14 10:55:49
633,3.5,47.1,14.4,1328.84,18360.3,0.27,2026-07-14 10:56:49
634,2.6,47.4,14.4,951.92,15307.1,0.19,2026-07-14 10:57:49
635,2.6,47.3,14.4,1294.59,16110.7,0.1,2026-07-14 10:58:49
636,1.8,47.2,14.4,412.9,264.41,0.04,2026-07-14 10:59:49
637,1.8,47.3,14.4,410.12,149.99,0.07,2026-07-14 11:00:49
638,1.7,47.2,14.4,394.64,137.07,0.1,2026-07-14 11:01:50
639,1.7,47.3,14.4,448.15,307.66,0.35,2026-07-14 11:02:50
640,2.2,47.2,14.4,1611.82,13520.7,0.25,2026-07-14 11:03:50
641,1.4,47.1,14.4,141.39,120.47,0.26,2026-07-14 11:04:50
642,2.0,48.2,14.4,555.71,394.07,0.24,2026-07-14 11:05:50
643,1.8,47.9,14.4,135.2,112.27,0.09,2026-07-14 11:06:50
644,0.7,48.0,14.4,255.0,136.5,0.12,2026-07-14 11:07:50
645,0.6,48.0,14.4,119.53,111.09,0.04,2026-07-14 11:08:50
646,0.4,48.0,14.4,359.81,255.32,0.01,2026-07-14 11:09:51
647,0.4,47.8,14.4,109.09,107.06,0.06,2026-07-14 11:10:51
648,0.5,47.9,14.4,106.85,102.33,0.02,2026-07-14 11:11:51
649,0.5,47.8,14.4,688.85,565.26,0.01,2026-07-14 11:12:51
650,3.3,48.6,14.4,664.91,440.03,0.41,2026-07-14 11:13:51
651,6.1,48.0,14.4,7555.87,78869.1,0.48,2026-07-14 11:14:51
652,4.6,48.1,14.4,2448.82,29421.2,0.39,2026-07-14 11:15:51
653,2.3,48.0,14.4,304.14,140.82,0.14,2026-07-14 11:16:52
654,1.7,48.1,14.4,1694.5,27357.1,0.15,2026-07-14 11:17:52
655,1.5,47.9,14.4,490.85,306.4,0.13,2026-07-14 11:18:52
656,0.9,47.9,14.4,239.73,117.94,0.22,2026-07-14 11:19:52
657,0.9,47.8,14.4,129.9,114.11,0.08,2026-07-14 11:20:52
658,0.9,47.9,14.4,118.64,105.64,0.06,2026-07-14 11:21:52
659,1.5,49.1,14.4,681.03,597.04,0.51,2026-07-14 11:22:52
660,1.6,49.0,14.4,505.98,293.9,0.38,2026-07-14 11:23:52
661,0.0,32.1,14.4,5030.03,5030.03,1.26,2026-07-14 14:51:13
662,2.5,31.4,14.4,1110.68,709.13,0.51,2026-07-14 14:52:13
663,0.2,31.3,14.4,834.89,556.75,0.26,2026-07-14 14:53:13
664,0.2,31.3,14.4,152.36,135.59,0.09,2026-07-14 14:54:13
665,5.2,37.9,14.4,9657.83,29622.8,0.68,2026-07-14 14:55:13
666,2.0,37.4,14.4,3360.21,19893.4,0.41,2026-07-14 14:56:13
667,2.0,37.6,14.4,2799.91,1906.79,0.92,2026-07-14 14:57:14
668,0.8,37.6,14.4,359.19,223.44,0.37,2026-07-14 14:58:14
669,4.4,40.1,14.4,2113.87,5886.31,0.3,2026-07-14 14:59:14
670,3.2,40.5,14.4,691.55,377.36,0.43,2026-07-14 15:00:14
671,15.0,54.1,14.4,11304.9,57848.1,0.52,2026-07-14 15:01:14
672,6.7,55.4,14.4,3989.96,50687.7,0.87,2026-07-14 15:02:15
673,6.8,57.0,14.4,3907.47,43541.9,1.25,2026-07-14 15:03:16
674,6.4,59.9,14.4,6055.95,63042.2,1.08,2026-07-14 15:04:16
675,7.3,63.0,14.4,11064.5,64334.3,1.22,2026-07-14 15:05:16
676,8.0,65.2,14.4,6277.61,60077.9,0.89,2026-07-14 15:06:16
677,8.1,68.3,14.4,7438.54,83586.5,0.96,2026-07-14 15:07:16
678,8.0,71.1,14.4,6503.01,83960.6,0.79,2026-07-14 15:08:16
679,5.3,70.1,14.4,3784.7,71584.5,0.42,2026-07-14 15:09:17
680,3.2,68.9,14.4,4202.8,97145.4,0.19,2026-07-14 15:10:17
681,2.5,69.3,14.4,3021.2,64524.7,0.21,2026-07-14 15:11:17
682,3.0,69.6,14.4,2931.03,57231.8,0.19,2026-07-14 15:12:17
683,5.4,61.9,14.5,2878.98,45355.2,0.72,2026-07-14 15:13:17
684,6.8,59.9,14.5,1173.13,2779.35,0.72,2026-07-14 15:14:17
685,4.6,60.3,14.5,674.9,341.84,0.49,2026-07-14 15:15:18
686,2.6,60.5,14.5,553.46,421.04,0.49,2026-07-14 15:16:18
687,2.5,60.4,14.5,419.81,207.26,0.62,2026-07-14 15:17:18
688,3.1,60.9,14.5,594.23,262.71,0.3,2026-07-14 15:18:18
689,3.2,60.4,14.5,398.13,198.22,0.23,2026-07-14 15:19:18
690,5.9,67.6,14.5,2178.91,3475.22,0.68,2026-07-14 15:20:18
691,7.7,65.1,14.5,39434.3,8433.96,0.93,2026-07-14 15:21:18
692,6.0,63.5,14.5,23876.4,1668.77,0.93,2026-07-14 15:22:19
693,11.7,61.5,14.4,1998.67,2749.87,1.71,2026-07-14 15:23:19
694,11.0,49.3,14.4,205.8,128.93,1.11,2026-07-14 15:24:19
695,5.1,50.7,14.4,1881.96,376.46,1.04,2026-07-14 15:25:19
696,7.1,53.8,14.4,15946.9,33730.7,1.52,2026-07-14 15:26:19
697,10.7,56.5,14.4,37517.4,56690.9,1.46,2026-07-14 15:27:19
698,11.6,58.1,14.4,7027.69,45359.9,1.18,2026-07-14 15:28:20
699,8.9,61.0,14.4,3124.91,42127.0,0.81,2026-07-14 15:29:20
700,7.2,61.1,14.4,3387.0,51674.4,0.73,2026-07-14 15:30:20
701,7.3,53.5,14.4,3118.87,54021.2,0.87,2026-07-14 15:31:20
702,6.5,53.4,14.4,2286.27,29799.3,0.62,2026-07-14 15:32:20
703,5.4,53.7,14.4,2260.63,29804.5,0.76,2026-07-14 15:33:20
704,5.4,53.7,14.4,2244.49,31703.8,0.89,2026-07-14 15:34:21
705,5.6,53.4,14.4,2773.07,30398.8,0.59,2026-07-14 15:35:21
706,5.6,53.1,14.4,2543.74,36433.1,0.64,2026-07-14 15:36:21
707,5.5,52.9,14.4,2892.02,37061.6,0.92,2026-07-14 15:37:21
708,5.6,53.0,14.4,2506.96,39943.8,0.59,2026-07-14 15:38:21
709,5.5,52.6,14.4,2568.23,42242.6,0.6,2026-07-14 15:39:21
710,5.4,52.7,14.4,2657.08,39075.0,0.68,2026-07-14 15:40:22
711,5.5,53.3,14.4,4166.33,36371.0,0.72,2026-07-14 15:41:22
712,5.0,52.6,14.5,3477.17,43771.2,0.73,2026-07-14 15:42:22
713,6.4,54.6,14.5,5681.07,35357.7,0.9,2026-07-14 15:43:22
714,7.1,53.1,14.5,3815.15,31223.3,0.54,2026-07-14 15:44:22
715,5.8,56.9,14.5,4321.78,42267.1,0.69,2026-07-14 15:45:22
716,7.1,63.5,14.5,12541.0,55100.6,2.23,2026-07-14 15:46:23
717,7.1,54.1,14.5,7127.75,56726.6,1.31,2026-07-14 15:47:23
718,5.8,54.7,14.5,5247.24,60514.9,0.99,2026-07-14 15:48:23
719,7.5,71.3,14.5,9622.51,51513.9,1.67,2026-07-14 15:49:23
720,7.4,68.5,14.5,7544.62,46685.9,1.13,2026-07-14 15:50:23
721,6.9,73.7,14.5,3577.95,48696.4,0.71,2026-07-14 15:51:23
722,7.5,74.1,14.5,3996.04,51398.6,0.64,2026-07-14 15:52:24
723,5.0,74.8,14.5,2812.17,42953.2,0.44,2026-07-14 15:53:24
724,5.1,74.7,14.5,7415.51,55561.0,0.3,2026-07-14 15:54:24
725,5.4,70.7,14.5,4935.61,82097.1,0.52,2026-07-14 15:55:24
726,3.6,71.1,14.5,6870.99,54557.5,0.67,2026-07-14 15:56:24
727,4.9,68.9,14.5,6339.07,37766.5,0.5,2026-07-14 15:57:24
728,5.0,68.7,14.5,2664.48,33849.4,0.34,2026-07-14 15:58:24
729,5.2,71.3,14.5,2856.68,6841.54,0.52,2026-07-14 15:59:25
730,7.1,69.8,14.5,1809.06,6419.45,0.56,2026-07-14 16:00:25
731,6.6,47.7,14.5,1536.88,676.86,0.74,2026-07-14 16:01:25
732,6.0,47.0,14.5,481.75,551.46,0.49,2026-07-14 16:02:25
733,6.4,46.7,14.5,496.68,2009.44,1.03,2026-07-14 16:03:25
734,7.3,48.6,14.5,10730.7,34199.2,1.11,2026-07-14 16:04:25
735,6.9,48.5,14.5,3295.3,7806.12,0.8,2026-07-14 16:05:26
736,6.1,50.0,14.5,4161.32,7908.32,0.98,2026-07-14 16:06:26
737,5.0,48.8,14.5,46425.1,4230.9,0.47,2026-07-14 16:07:26
738,4.6,50.6,14.5,49033.3,9096.62,0.57,2026-07-14 16:08:26
739,5.8,50.0,14.5,5342.53,8711.9,0.7,2026-07-14 16:09:26
740,4.7,49.8,14.5,1531.39,668.93,0.36,2026-07-14 16:10:26
741,4.5,50.8,14.5,547.85,563.98,1.14,2026-07-14 16:11:27
742,5.4,50.2,14.5,836.28,1590.84,0.69,2026-07-14 16:12:27
743,4.0,50.0,14.5,643.45,1670.8,0.5,2026-07-14 16:13:27
744,50.0,30.8,14.5,5302.75,5302.75,2.22,2026-07-14 17:54:31
745,0.8,27.6,14.5,1632.72,1372.43,0.85,2026-07-14 17:55:31
746,0.2,27.5,14.5,144.76,123.35,0.31,2026-07-14 17:56:31
747,4.7,40.8,14.5,9305.02,16059.2,0.85,2026-07-14 17:57:31
748,2.0,40.7,14.5,531.15,297.2,0.34,2026-07-14 17:58:31
749,1.9,40.6,14.5,488.61,248.06,0.35,2026-07-14 17:59:31
750,1.9,41.1,14.5,597.83,294.63,0.32,2026-07-14 18:00:31
751,1.8,40.5,14.5,242.43,147.85,0.15,2026-07-14 18:01:32
752,2.1,40.0,14.5,1385.99,532.16,0.47,2026-07-14 18:02:32
753,1.8,39.8,14.5,404.65,211.05,0.26,2026-07-14 18:03:32
754,38.5,44.0,14.5,8395.61,34235.9,0.65,2026-07-14 18:04:32
755,4.4,42.7,14.5,3862.28,3736.02,0.91,2026-07-14 18:05:33
756,5.1,45.9,14.5,7951.18,85485.1,1.18,2026-07-14 18:06:33
757,5.8,44.9,14.5,1830.38,7395.8,0.72,2026-07-14 18:07:33
758,5.1,44.8,14.5,305.3,1261.55,0.62,2026-07-14 18:08:33
759,5.2,44.8,14.5,601.93,8660.99,0.84,2026-07-14 18:09:33
760,4.3,44.0,14.5,358.11,2085.19,0.54,2026-07-14 18:10:33
761,2.7,44.0,14.5,131.78,136.71,0.48,2026-07-14 18:11:33
762,2.5,44.6,14.5,786.8,4967.99,0.23,2026-07-14 18:12:33
763,3.4,43.6,14.5,807.96,1683.22,0.39,2026-07-14 18:13:34
764,2.9,43.7,14.5,392.4,209.62,0.21,2026-07-14 18:14:34
765,1.9,43.5,14.5,1352.8,467.1,0.47,2026-07-14 18:15:34
766,1.9,43.2,14.5,390.0,203.76,0.39,2026-07-14 18:16:34
767,2.5,44.7,14.5,679.63,337.51,0.43,2026-07-14 18:17:34
768,3.6,45.7,14.5,4242.06,14375.7,0.55,2026-07-14 18:18:34
769,4.6,45.9,14.5,6279.46,9201.99,0.79,2026-07-14 18:19:34
770,5.3,48.2,14.5,9057.15,16473.5,0.67,2026-07-14 18:20:35
771,4.1,47.1,14.5,447.79,2237.86,0.37,2026-07-14 18:21:35
772,2.2,47.4,14.5,827.74,581.22,0.13,2026-07-14 18:22:35
773,3.1,48.4,14.5,3345.21,29971.5,0.35,2026-07-14 18:23:35
774,4.0,50.5,14.5,2395.73,1388.24,0.44,2026-07-14 18:24:35
775,3.1,53.1,14.5,663.27,254.94,0.35,2026-07-14 18:25:35
776,2.3,53.1,14.5,288.69,158.57,0.45,2026-07-14 18:26:35
777,1.7,52.8,14.5,222.79,187.86,0.3,2026-07-14 18:27:35
778,0.9,53.0,14.5,217.37,287.24,0.18,2026-07-14 18:28:36
779,2.2,53.7,14.5,1309.39,431.4,0.31,2026-07-14 18:29:36
780,4.8,54.0,14.5,260.95,1199.41,0.84,2026-07-14 18:30:36
781,5.6,54.7,14.5,1130.77,13250.0,0.75,2026-07-14 18:31:36
782,5.9,56.5,14.5,1064.75,8791.88,0.53,2026-07-14 18:32:36
783,6.4,57.9,14.5,11787.1,14550.2,0.59,2026-07-14 18:33:36
784,6.1,65.4,14.5,8913.82,34993.3,1.94,2026-07-14 18:34:36
785,6.2,68.4,14.5,27049.6,115896.0,0.86,2026-07-14 18:35:36
786,5.9,69.2,14.5,7629.21,18746.2,0.58,2026-07-14 18:36:37
787,4.7,69.8,14.5,2354.18,4218.35,0.49,2026-07-14 18:37:37
788,3.4,69.5,14.5,713.14,540.48,0.37,2026-07-14 18:38:37
789,2.9,69.0,14.5,684.38,560.92,0.35,2026-07-14 18:39:37
790,4.1,67.3,14.5,543.78,2322.41,0.33,2026-07-14 18:40:37
791,4.7,67.0,14.5,188.65,150.71,0.55,2026-07-14 18:41:37
792,4.9,68.2,14.5,1632.1,718.68,1.23,2026-07-14 18:42:37
793,5.8,69.2,14.5,1675.7,7945.53,0.89,2026-07-14 18:43:37
794,4.7,67.7,14.5,493.76,397.02,0.73,2026-07-14 18:44:38
795,3.6,67.5,14.5,1481.38,1851.73,0.76,2026-07-14 18:45:38
796,4.1,70.6,14.5,4231.49,7202.65,0.67,2026-07-14 18:46:38
797,4.0,72.8,14.5,2352.57,1366.72,0.86,2026-07-14 18:47:38
798,3.9,69.2,14.5,2540.8,5409.63,0.63,2026-07-14 18:48:38
799,4.0,72.7,14.5,6790.83,2111.8,0.44,2026-07-14 18:49:38
800,4.8,69.6,14.5,1215.15,801.52,0.71,2026-07-14 18:50:38
801,5.0,71.2,14.5,926.47,584.97,0.62,2026-07-14 18:51:38
802,4.8,71.7,14.5,638.37,380.79,0.88,2026-07-14 18:52:39
803,5.4,70.7,14.5,588.27,633.86,1.04,2026-07-14 18:53:39
804,5.4,72.5,14.5,932.34,1302.88,0.77,2026-07-14 18:54:39
805,5.4,72.4,14.5,799.12,1171.19,0.62,2026-07-14 18:55:39
806,5.5,74.0,14.5,857.61,825.1,0.53,2026-07-14 18:56:39
807,5.1,72.8,14.5,1283.87,796.24,0.65,2026-07-14 18:57:39
808,4.8,70.9,14.5,1030.38,1283.35,0.52,2026-07-14 18:58:39
809,5.0,71.1,14.5,1352.99,710.27,0.55,2026-07-14 18:59:40
810,5.0,72.2,14.5,794.8,354.66,0.71,2026-07-14 19:00:40
811,4.1,71.1,14.5,342.36,550.02,0.64,2026-07-14 19:01:40
812,2.8,70.1,14.5,1162.4,885.13,0.23,2026-07-14 19:02:40
813,3.8,71.8,14.5,1039.63,714.6,0.5,2026-07-14 19:03:40
814,5.7,71.8,14.5,2747.24,22681.2,0.7,2026-07-14 19:04:40
815,4.9,74.9,14.5,30019.1,99128.4,0.31,2026-07-14 19:05:40
816,3.7,72.8,14.5,11187.6,47552.1,0.38,2026-07-14 19:06:40
817,4.6,76.2,14.5,33614.7,150861.0,0.78,2026-07-14 19:07:41
818,7.3,78.5,14.5,93804.6,438329.0,1.52,2026-07-14 19:08:41
819,7.6,77.6,14.5,12044.7,5677.71,1.02,2026-07-14 19:09:41
820,5.3,79.9,14.5,5866.89,4269.8,0.72,2026-07-14 19:10:41
821,4.0,78.9,14.5,3463.34,1439.17,0.67,2026-07-14 19:11:41
822,6.2,73.7,14.5,14967.7,210113.0,1.55,2026-07-14 19:12:41
823,7.1,66.3,14.5,8354.89,2172.03,1.04,2026-07-14 19:13:41
824,4.9,67.3,14.5,7018.6,1239.41,0.78,2026-07-14 19:14:41
825,4.7,69.3,14.5,6875.52,2741.59,0.6,2026-07-14 19:15:42
826,4.7,70.5,14.5,7115.48,2047.29,0.61,2026-07-14 19:16:42
827,4.4,70.1,14.5,16274.0,2722.86,0.41,2026-07-14 19:17:42
828,3.5,69.8,14.5,12715.8,2230.91,0.46,2026-07-14 19:18:42
829,3.2,70.7,14.5,14199.9,2432.89,0.42,2026-07-14 19:19:42
830,4.3,70.0,14.5,11134.6,4095.87,0.6,2026-07-14 19:20:42
831,7.4,69.0,14.5,6069.62,1175.11,0.74,2026-07-14 19:21:42
832,8.9,70.3,14.5,8597.45,1331.1,0.67,2026-07-14 19:22:42
833,8.2,68.9,14.5,5942.95,1277.54,1.08,2026-07-14 19:23:43
834,6.3,68.7,14.5,3384.88,1461.34,0.8,2026-07-14 19:24:43
835,6.2,69.4,14.5,9211.56,12678.7,1.2,2026-07-14 19:25:43
836,7.5,68.9,14.5,4592.07,862.53,0.88,2026-07-14 19:26:43
837,8.6,65.4,14.5,7854.39,11233.5,0.99,2026-07-14 19:27:43
838,7.0,69.4,14.5,1823.2,1041.37,0.79,2026-07-14 19:28:43
839,5.5,74.0,14.5,5103.54,1641.96,0.68,2026-07-14 19:29:43
840,6.3,72.3,14.5,5847.7,974.32,0.98,2026-07-14 19:30:43
841,6.7,73.0,14.5,7676.75,2945.78,0.83,2026-07-14 19:31:44
842,7.5,73.5,14.5,8709.53,7284.68,0.73,2026-07-14 19:32:44
843,7.5,73.4,14.5,4522.85,1828.23,0.87,2026-07-14 19:33:44
844,9.7,73.4,14.5,99163.7,164193.0,1.58,2026-07-14 19:34:44
845,9.5,70.7,14.5,13356.7,20276.3,1.15,2026-07-14 19:35:44
846,8.3,72.1,14.5,17002.1,1265.92,0.99,2026-07-14 19:36:44
847,9.0,72.1,14.5,17706.7,1602.29,0.76,2026-07-14 19:37:44
848,7.6,72.5,14.5,28241.3,3830.33,0.59,2026-07-14 19:38:44
849,8.0,74.0,14.5,16457.0,4562.99,0.93,2026-07-14 19:39:45
850,8.6,73.8,14.5,13400.3,1567.68,0.95,2026-07-14 19:40:45
851,7.7,74.9,14.5,6052.9,1744.79,0.7,2026-07-14 19:41:45
852,7.8,74.6,14.5,9001.1,3265.66,0.92,2026-07-14 19:42:45
853,7.8,71.2,14.5,19035.3,3844.44,0.86,2026-07-14 19:43:45
854,8.0,71.3,14.5,17202.0,1606.45,1.04,2026-07-14 19:44:45
855,8.5,74.3,14.5,28124.0,3357.06,0.74,2026-07-14 19:45:45
856,8.2,73.8,14.5,15418.6,1073.15,1.05,2026-07-14 19:46:45
857,5.6,72.7,14.5,2634.96,1088.05,0.63,2026-07-14 19:47:46
858,3.3,72.7,14.5,1184.4,939.62,0.32,2026-07-14 19:48:46
859,3.4,75.7,14.5,2850.25,1078.83,0.42,2026-07-14 19:49:46
860,6.3,75.0,14.5,12157.7,1815.42,0.6,2026-07-14 19:50:46
861,9.2,73.8,14.5,12570.8,1168.02,0.89,2026-07-14 19:51:46
862,9.2,75.6,14.5,8183.84,35580.0,1.05,2026-07-14 19:52:46
863,9.5,75.4,14.5,11627.7,1712.15,0.74,2026-07-14 19:53:46
864,9.1,74.4,14.5,12290.9,2527.65,0.94,2026-07-14 19:54:46
865,8.6,75.6,14.5,12580.6,1044.05,0.96,2026-07-14 19:55:47
866,7.2,75.2,14.5,4032.36,1190.05,0.61,2026-07-14 19:56:47
867,7.6,76.1,14.5,13577.9,1871.0,0.87,2026-07-14 19:57:47
868,9.8,76.4,14.5,23018.7,2062.84,1.15,2026-07-14 19:58:47
869,10.2,74.6,14.5,14079.9,1324.36,1.07,2026-07-14 19:59:47
870,9.7,74.7,14.5,11980.3,988.49,0.97,2026-07-14 20:00:47
871,6.5,74.4,14.5,2255.94,950.94,0.82,2026-07-14 20:01:47
872,4.9,75.8,14.5,4856.38,694.92,1.0,2026-07-14 20:02:47
873,7.5,76.2,14.5,15166.7,1364.12,1.12,2026-07-14 20:03:48
874,9.1,77.0,14.5,13743.6,2414.99,1.38,2026-07-14 20:04:48
875,10.1,80.0,14.5,60476.2,207763.0,1.26,2026-07-14 20:05:48
876,10.9,77.8,14.5,9618.31,8163.05,2.04,2026-07-14 20:06:48
877,16.9,79.4,14.5,18910.9,17449.8,3.93,2026-07-14 20:07:48
878,18.6,77.5,14.5,65247.9,17322.4,2.3,2026-07-14 20:08:48
879,11.9,74.6,14.5,14925.6,6414.88,1.71,2026-07-14 20:09:48
880,8.7,79.9,14.5,5049.46,1373.52,1.07,2026-07-14 20:10:48
881,8.3,71.7,14.5,13316.5,33436.3,1.11,2026-07-14 20:11:49
882,9.2,70.1,14.5,12144.1,1478.11,1.39,2026-07-14 20:12:49
883,9.4,72.5,14.5,17752.8,4635.86,0.97,2026-07-14 20:13:49
884,11.7,73.3,14.5,42574.2,15196.2,1.51,2026-07-14 20:14:49
885,11.7,73.5,14.5,18707.0,2788.94,1.29,2026-07-14 20:15:49
886,9.5,77.3,14.5,16395.4,3605.75,1.12,2026-07-14 20:16:49
887,9.8,78.0,14.5,6778.97,2472.34,0.55,2026-07-14 20:17:49
888,11.9,77.2,14.5,23517.7,117832.0,1.81,2026-07-14 20:18:49
889,12.1,80.4,14.5,11805.7,5057.67,1.43,2026-07-14 20:19:49
890,10.4,76.9,14.5,4381.65,2974.1,1.5,2026-07-14 20:20:49
891,9.1,78.9,14.5,3331.64,1114.93,2.24,2026-07-14 20:21:49
892,10.4,80.8,14.5,38370.1,124972.0,2.3,2026-07-14 20:22:49
893,11.2,79.7,14.5,139862.0,32291.4,1.37,2026-07-14 20:23:50
894,10.9,76.6,14.5,127850.0,34668.6,1.63,2026-07-14 20:24:50
895,18.1,77.8,14.5,27295.4,11883.1,3.71,2026-07-14 20:25:50
896,30.7,79.6,14.5,1824.0,1253.19,5.46,2026-07-14 20:26:50
897,35.4,77.5,14.5,2503.28,1754.6,4.13,2026-07-14 20:27:50
898,21.4,80.5,14.5,8485.09,67225.1,2.24,2026-07-14 20:28:50
899,8.2,80.5,14.5,812.96,467.19,1.81,2026-07-14 20:29:50
900,7.2,79.8,14.5,2426.55,1053.63,1.2,2026-07-14 20:30:51
901,5.7,83.7,14.5,11940.4,3711.46,1.05,2026-07-14 20:31:51
902,6.1,81.2,14.5,28796.8,31464.4,1.3,2026-07-14 20:32:51
903,9.1,81.6,14.5,34604.4,4695.62,1.31,2026-07-14 20:33:51
904,10.3,78.2,14.5,11644.3,1638.93,1.09,2026-07-14 20:34:51
905,9.8,79.2,14.5,9354.76,4519.07,1.0,2026-07-14 20:35:51
906,8.1,72.7,14.5,3196.78,934.85,0.77,2026-07-14 20:36:51
907,10.0,76.0,14.5,9491.22,2770.71,1.11,2026-07-14 20:37:51
908,10.5,73.8,14.5,10447.0,2791.03,1.09,2026-07-14 20:38:52
909,6.2,73.9,14.5,3860.68,1718.53,0.78,2026-07-14 20:39:52
910,4.9,76.2,14.5,4099.24,3334.04,0.76,2026-07-14 20:40:52
911,4.7,76.4,14.5,1209.38,1068.36,0.67,2026-07-14 20:41:52
912,4.4,76.2,14.5,2071.66,1337.25,0.43,2026-07-14 20:42:52
913,5.3,77.8,14.5,5161.29,1463.66,0.56,2026-07-14 20:43:52
914,7.5,79.7,14.5,12811.2,5467.94,1.0,2026-07-14 20:44:52
915,6.6,80.0,14.5,2532.22,1621.72,0.78,2026-07-14 20:45:52
916,4.9,80.3,14.5,4547.28,4232.27,1.0,2026-07-14 20:46:53
917,5.9,78.1,14.5,29221.5,60479.3,0.8,2026-07-14 20:47:53
918,5.9,78.3,14.5,1487.93,1300.43,0.46,2026-07-14 20:48:53
919,5.5,81.8,14.5,820.76,320.3,0.41,2026-07-14 20:49:53
920,5.6,79.2,14.5,1110.52,883.64,0.51,2026-07-14 20:50:53
921,5.3,79.3,14.5,726.06,269.28,0.63,2026-07-14 20:51:53
922,5.2,79.1,14.5,678.23,361.79,0.8,2026-07-14 20:52:53
923,5.2,78.6,14.5,724.88,518.42,0.68,2026-07-14 20:53:54
924,5.1,79.3,14.5,1341.42,1015.23,0.65,2026-07-14 20:54:54
925,5.4,80.0,14.5,2440.03,2355.37,0.62,2026-07-14 20:55:54
926,4.7,80.5,14.5,1793.56,786.81,0.34,2026-07-14 20:56:54
927,3.6,80.7,14.5,1353.36,743.63,0.44,2026-07-14 20:57:54
928,3.6,79.5,14.5,1778.72,1394.85,0.61,2026-07-14 20:58:54
929,3.7,80.9,14.5,1022.27,362.84,0.49,2026-07-14 20:59:54
930,7.6,76.9,14.5,97111.2,27934.8,1.4,2026-07-14 21:00:54
931,9.9,76.5,14.5,27854.5,27684.7,0.98,2026-07-14 21:01:55
932,6.9,73.9,14.5,1724.43,924.76,0.74,2026-07-14 21:02:55
933,5.6,75.3,14.5,1294.81,1050.48,0.92,2026-07-14 21:03:55
934,6.1,74.7,14.5,1606.55,615.78,0.83,2026-07-14 21:04:55
935,5.8,75.4,14.5,1569.97,996.48,0.57,2026-07-14 21:05:55
936,5.6,74.9,14.5,30552.7,7754.02,0.32,2026-07-14 21:06:55
937,5.7,74.5,14.5,1369.64,387.21,0.62,2026-07-14 21:07:55
938,5.9,73.5,14.5,14466.9,6940.72,0.55,2026-07-14 21:08:56
939,7.1,78.1,14.5,32350.4,3633.37,0.55,2026-07-14 21:09:56
940,9.0,75.1,14.5,15693.0,1647.2,1.22,2026-07-14 21:10:56
941,10.1,75.0,14.5,15305.8,1553.94,1.5,2026-07-14 21:11:56
942,9.4,76.5,14.5,8103.7,985.84,0.9,2026-07-14 21:12:56
943,8.4,76.6,14.5,13146.3,1428.25,1.44,2026-07-14 21:13:56
944,8.2,77.5,14.5,3774.68,862.18,1.47,2026-07-14 21:14:56
945,8.7,77.4,14.5,7666.26,1177.29,1.34,2026-07-14 21:15:56
946,8.7,75.9,14.5,10253.8,1978.12,1.2,2026-07-14 21:16:57
947,9.0,76.9,14.5,13988.9,1358.38,1.8,2026-07-14 21:17:57
948,9.9,77.0,14.5,9675.01,1841.38,1.48,2026-07-14 21:18:57
949,10.3,76.6,14.5,25691.5,1962.43,1.71,2026-07-14 21:19:57
950,9.0,78.3,14.5,11787.6,4913.17,1.32,2026-07-14 21:20:57
951,6.3,78.3,14.5,3196.56,859.76,0.75,2026-07-14 21:21:57
952,6.6,78.1,14.5,10741.0,962.87,1.53,2026-07-14 21:22:57
953,9.0,73.7,14.5,59947.2,84249.9,1.41,2026-07-14 21:23:57
954,8.4,70.1,14.5,22200.2,4322.88,1.23,2026-07-14 21:24:58
955,7.0,70.5,14.5,23683.9,2626.67,1.18,2026-07-14 21:25:58
956,6.9,69.4,14.5,14295.3,1645.11,1.06,2026-07-14 21:26:58
957,5.0,67.2,14.5,4378.64,1245.46,0.58,2026-07-14 21:27:58
958,3.8,68.7,14.5,15266.6,6932.14,0.42,2026-07-14 21:28:58
959,4.2,68.7,14.5,5326.44,1933.35,0.68,2026-07-14 21:29:58
960,4.7,68.8,14.5,7337.46,1711.76,0.95,2026-07-14 21:30:58
961,4.2,69.5,14.5,3605.05,2001.11,0.75,2026-07-14 21:31:58
962,4.0,70.1,14.5,4953.77,1676.53,0.92,2026-07-14 21:32:59
963,3.2,67.6,14.5,1940.72,1863.23,0.55,2026-07-14 21:33:59
964,1.8,67.7,14.5,2531.38,1992.16,0.48,2026-07-14 21:34:59
965,1.8,67.8,14.5,2158.2,1653.8,0.24,2026-07-14 21:35:59
966,1.7,67.4,14.5,1801.4,971.7,0.15,2026-07-14 21:36:59
967,1.7,67.5,14.5,1299.62,919.42,0.14,2026-07-14 21:37:59
968,1.8,66.9,14.5,1725.38,1477.07,0.28,2026-07-14 21:38:59
969,1.8,67.1,14.5,1563.56,1074.8,0.17,2026-07-14 21:39:59
970,1.8,67.1,14.5,1655.02,1338.61,0.11,2026-07-14 21:41:00
971,1.7,67.1,14.5,1450.61,994.25,0.12,2026-07-14 21:42:00
972,1.7,66.9,14.5,1948.78,1015.37,0.22,2026-07-14 21:43:00
973,1.8,67.2,14.5,2326.36,2077.14,0.14,2026-07-14 21:44:00
974,1.7,67.3,14.5,1353.8,1010.31,0.18,2026-07-14 21:45:00
975,1.7,67.5,14.5,2659.38,2436.25,0.17,2026-07-14 21:46:00
976,1.8,67.5,14.5,1395.05,1136.47,0.15,2026-07-14 21:47:00
977,1.7,67.6,14.5,1156.49,854.15,0.1,2026-07-14 21:48:01
978,1.7,67.3,14.5,1713.63,1731.46,0.08,2026-07-14 21:49:01
979,1.8,66.8,14.5,1534.71,1710.03,0.13,2026-07-14 21:50:01
980,1.7,66.7,14.5,1846.19,1533.05,0.1,2026-07-14 21:51:01
981,1.6,66.9,14.5,1330.82,891.43,0.21,2026-07-14 21:52:01
982,1.6,66.9,14.5,1227.37,889.37,0.23,2026-07-14 21:53:01
983,1.7,66.8,14.5,2180.87,2031.85,0.2,2026-07-14 21:54:01
984,1.7,67.2,14.5,1789.24,1635.98,0.26,2026-07-14 21:55:01
985,1.7,67.2,14.5,1472.52,989.84,0.21,2026-07-14 21:56:02
986,1.7,67.1,14.5,1154.66,888.28,0.18,2026-07-14 21:57:02
987,1.7,67.1,14.5,1595.5,1032.09,0.23,2026-07-14 21:58:02
988,1.7,67.0,14.5,1516.27,1019.37,0.12,2026-07-14 21:59:02
989,1.6,67.2,14.5,1201.37,693.84,0.14,2026-07-14 22:00:02
990,1.6,67.1,14.5,1919.73,1442.07,0.1,2026-07-14 22:01:02
991,1.7,67.2,14.5,1389.41,1130.13,0.08,2026-07-14 22:02:02
992,1.7,67.2,14.5,1678.02,911.81,0.18,2026-07-14 22:03:02
993,1.7,67.2,14.5,2576.5,2703.65,0.13,2026-07-14 22:04:03
994,1.7,67.3,14.5,1458.76,1200.91,0.09,2026-07-14 22:05:03
995,1.7,67.3,14.5,1843.47,1172.46,0.03,2026-07-14 22:06:03
996,1.6,67.3,14.5,1186.24,858.35,0.12,2026-07-14 22:07:03
997,1.7,67.3,14.5,1144.81,872.44,0.1,2026-07-14 22:08:03
998,2.0,70.6,14.5,1812.9,2290.23,0.26,2026-07-14 22:09:03
999,2.5,68.2,14.5,2064.18,1163.19,0.16,2026-07-14 22:10:03
1000,2.6,68.4,14.5,2067.26,1232.68,0.27,2026-07-14 22:11:04
1001,1.9,68.4,14.5,1009.64,967.63,0.21,2026-07-14 22:12:04
1002,1.9,68.6,14.5,1519.88,1168.17,0.37,2026-07-14 22:13:04
1003,3.1,68.8,14.5,6208.5,13877.1,0.68,2026-07-14 22:14:04
1004,2.9,68.4,14.5,1501.22,1304.23,0.3,2026-07-14 22:15:04
1005,1.8,68.4,14.5,1391.78,1202.75,0.11,2026-07-14 22:16:04
1006,1.7,68.6,14.5,972.49,1021.33,0.28,2026-07-14 22:17:04
1007,3.0,72.0,14.5,4565.34,42053.8,0.94,2026-07-14 22:18:04
1008,3.7,70.8,14.5,1120.83,1148.0,0.7,2026-07-14 22:19:05
1009,2.4,70.8,14.5,750.07,510.67,0.55,2026-07-14 22:20:05
1010,1.6,70.8,14.5,1053.61,858.98,0.38,2026-07-14 22:21:05
1011,1.6,70.8,14.5,1265.72,874.85,0.18,2026-07-14 22:22:05
1012,1.6,70.9,14.5,424.4,221.41,0.26,2026-07-14 22:23:05
1013,1.7,70.9,14.5,2124.14,2105.8,0.32,2026-07-14 22:24:05
1014,1.7,70.2,14.5,730.76,654.1,0.16,2026-07-14 22:25:05
1015,1.7,70.1,14.5,920.3,583.61,0.25,2026-07-14 22:26:05
1016,1.6,69.9,14.5,556.89,286.88,0.22,2026-07-14 22:27:06
1017,1.5,69.9,14.5,439.45,226.5,0.13,2026-07-14 22:28:06
1018,1.5,69.6,14.5,583.36,281.97,0.44,2026-07-14 22:29:06
1019,1.5,69.6,14.5,485.62,268.02,0.41,2026-07-14 22:30:06
1020,1.5,69.6,14.5,745.96,539.97,0.3,2026-07-14 22:31:06
1021,1.5,69.6,14.5,357.54,216.64,0.11,2026-07-14 22:32:06
1022,1.5,69.6,14.5,538.72,320.3,0.12,2026-07-14 22:33:06
1023,1.6,69.7,14.5,1086.96,962.1,0.1,2026-07-14 22:34:07
1024,1.6,69.6,14.5,1314.22,1139.47,0.08,2026-07-14 22:35:07
1025,1.5,69.7,14.5,1156.62,645.27,0.1,2026-07-14 22:36:07
1026,1.5,69.6,14.5,445.89,259.19,0.17,2026-07-14 22:37:07
1027,1.5,69.7,14.5,403.9,199.79,0.06,2026-07-14 22:38:07
1028,1.5,71.3,14.5,886.67,996.18,0.12,2026-07-14 22:39:09
1029,1.5,71.3,14.5,496.38,265.3,0.17,2026-07-14 22:40:09
1030,1.6,71.3,14.5,1032.96,949.33,0.3,2026-07-14 22:41:09
1031,1.6,71.3,14.5,411.89,241.49,0.22,2026-07-14 22:42:09
1032,1.6,71.3,14.5,676.64,622.06,0.27,2026-07-14 22:43:09
1033,1.7,71.6,14.5,1098.58,840.53,0.33,2026-07-14 22:44:09
1034,2.4,75.1,14.5,603.21,404.39,0.37,2026-07-14 22:45:09
1035,3.7,75.3,14.5,4059.65,1850.25,0.61,2026-07-14 22:46:09
1036,4.2,76.6,14.5,1135.63,501.28,0.96,2026-07-14 22:47:09
1037,2.9,76.1,14.5,735.47,530.27,0.51,2026-07-14 22:48:09
1038,3.8,75.7,14.5,514.66,280.54,0.67,2026-07-14 22:49:09
1039,5.6,78.0,14.5,497.89,276.07,0.54,2026-07-14 22:50:09
1040,5.2,68.0,14.5,965.26,827.57,0.58,2026-07-14 22:51:10
1041,4.6,67.0,14.5,2325.81,576.74,0.94,2026-07-14 22:52:10
1042,3.4,70.6,14.5,931.34,570.42,0.87,2026-07-14 22:53:10
1043,2.5,72.8,14.5,951.13,936.23,0.87,2026-07-14 22:54:10
1044,2.4,68.9,14.5,752.55,603.77,0.73,2026-07-14 22:55:10
1045,2.2,68.7,14.5,728.3,557.37,0.68,2026-07-14 22:56:10
1046,2.6,70.5,14.5,5004.48,40871.3,0.85,2026-07-14 22:57:10
1047,3.2,75.1,14.5,1260.77,1138.04,1.22,2026-07-14 22:58:11
1048,3.8,69.2,14.5,5722.65,2714.09,1.12,2026-07-14 22:59:11
1049,0.0,31.4,14.5,10501.7,9822.95,1.2,2026-07-14 23:00:23
1050,0.3,27.6,14.5,155.83,119.86,0.49,2026-07-14 23:01:23
1051,0.2,27.6,14.5,130.84,120.43,0.18,2026-07-14 23:02:23
1052,3.9,40.0,14.5,3777.54,4292.29,0.89,2026-07-14 23:03:23
1053,2.7,40.7,14.5,3820.6,20210.8,0.89,2026-07-14 23:04:23
1054,4.9,43.2,14.5,4811.04,17525.2,0.61,2026-07-14 23:05:24
1055,3.7,41.6,14.5,54839.7,934995.0,0.57,2026-07-14 23:06:24
1056,11.4,41.9,14.6,4516.32,75866.5,0.71,2026-07-14 23:07:24
1057,7.0,42.0,14.6,437.92,1241.66,0.63,2026-07-14 23:08:24
1058,7.9,45.9,14.6,19493.5,104408.0,1.08,2026-07-14 23:09:24
1059,13.0,50.1,14.6,59573.7,357578.0,1.01,2026-07-14 23:10:25
1060,8.6,50.6,14.6,3913.85,8571.57,1.35,2026-07-14 23:11:25
1061,9.9,48.9,14.6,16245.5,100320.0,1.34,2026-07-14 23:12:26
1062,7.3,49.5,14.6,6162.1,30578.9,0.96,2026-07-14 23:13:26
1063,7.4,48.5,14.6,12985.7,70829.1,1.06,2026-07-14 23:14:26
1064,8.7,49.2,14.6,11838.6,39226.7,1.29,2026-07-14 23:15:26
1065,8.8,52.6,14.6,12419.3,67692.8,0.92,2026-07-14 23:16:26
1066,8.1,53.7,14.6,5461.6,7897.6,1.44,2026-07-14 23:17:26
1067,8.4,52.0,14.6,11209.8,28865.3,1.1,2026-07-14 23:18:26
1068,9.0,54.4,14.6,15710.3,18942.4,0.96,2026-07-14 23:19:26
1069,8.9,55.7,14.6,11256.8,32829.8,1.39,2026-07-14 23:20:27
1070,7.6,56.2,14.6,4841.78,3353.0,1.48,2026-07-14 23:21:27
1071,7.3,57.1,14.6,11016.7,78294.2,1.51,2026-07-14 23:22:27
1072,6.8,58.1,14.6,2460.26,1106.86,1.0,2026-07-14 23:23:27
1073,5.7,58.0,14.6,11355.6,50066.0,1.14,2026-07-14 23:24:27
1074,7.6,59.9,14.6,18403.0,76663.8,1.26,2026-07-14 23:25:28
1075,6.6,62.2,14.6,1325.44,641.6,0.76,2026-07-14 23:26:28
1076,4.3,62.0,14.6,2170.05,1684.17,0.57,2026-07-14 23:27:28
1077,6.1,60.9,14.6,1013.93,797.4,1.06,2026-07-14 23:28:28
1078,7.5,67.0,14.6,16832.8,91488.7,0.77,2026-07-14 23:29:29
1079,5.0,70.8,14.6,1133.42,671.35,0.53,2026-07-14 23:30:29
1080,4.6,71.4,14.6,3589.59,2997.14,1.38,2026-07-14 23:31:29
1081,6.6,70.9,14.6,15802.0,34868.0,0.99,2026-07-14 23:32:29
1082,7.6,69.5,14.6,3499.45,13333.7,1.33,2026-07-14 23:33:29
1083,7.0,72.1,14.6,36483.7,166015.0,0.79,2026-07-14 23:34:30
1084,6.6,71.5,14.6,4765.22,1185.02,0.93,2026-07-14 23:35:30
1085,7.6,70.5,14.6,7216.81,9726.91,1.24,2026-07-14 23:36:30
1086,7.2,72.2,14.6,5296.96,4426.82,1.33,2026-07-14 23:37:30
1087,6.0,71.1,14.6,6396.36,2197.15,1.26,2026-07-14 23:38:31
1088,8.2,74.0,14.6,10884.6,54764.2,1.25,2026-07-14 23:39:31
1089,10.6,75.7,14.6,5724.92,5533.67,1.49,2026-07-14 23:40:31
1090,10.3,75.1,14.6,6374.22,2248.57,1.29,2026-07-14 23:41:31
1091,10.9,80.1,14.6,27714.8,272959.0,1.51,2026-07-14 23:42:31
1092,9.9,82.0,14.6,7951.99,11286.1,1.39,2026-07-14 23:43:32
1093,8.7,80.7,14.6,3684.81,11662.9,1.15,2026-07-14 23:44:32
1094,11.4,79.2,14.6,59196.3,151420.0,1.49,2026-07-14 23:45:32
1095,13.6,78.4,14.6,3641.13,15115.1,1.93,2026-07-14 23:46:32
1096,11.0,78.3,14.6,2669.56,9862.05,2.17,2026-07-14 23:47:33
1097,8.3,76.6,14.6,4800.69,44019.9,1.74,2026-07-14 23:48:33
1098,7.5,79.3,14.6,56578.4,27424.4,1.32,2026-07-14 23:49:33
1099,6.9,78.1,14.6,11705.5,1115.1,0.88,2026-07-14 23:50:33
1100,7.0,77.6,14.6,17530.8,28206.8,1.02,2026-07-14 23:51:33
1101,9.2,79.2,14.6,10811.0,5244.98,1.68,2026-07-14 23:52:34
1102,10.7,78.1,14.6,25604.3,142522.0,1.37,2026-07-14 23:53:34
1103,8.2,61.0,14.6,15412.8,257501.0,1.08,2026-07-14 23:54:34
1104,5.2,60.3,14.6,12495.7,256156.0,0.56,2026-07-14 23:55:34
1105,4.1,60.5,14.6,12316.8,256025.0,0.62,2026-07-14 23:56:35
1106,3.9,61.4,14.6,11727.6,256253.0,0.64,2026-07-14 23:57:35
1107,3.2,60.1,14.6,11926.5,256284.0,0.43,2026-07-14 23:58:35
1108,2.7,59.8,14.6,12218.3,256113.0,0.56,2026-07-14 23:59:35
1109,2.6,59.5,14.6,12196.3,256178.0,0.43,2026-07-15 00:00:35
1110,2.3,59.5,14.6,12143.6,256201.0,0.42,2026-07-15 00:01:35
1111,2.4,59.7,14.6,12045.7,236958.0,0.33,2026-07-15 00:02:35
1112,2.7,60.6,14.6,897.91,516.88,0.48,2026-07-15 00:03:36
1113,5.6,60.0,14.7,1068.24,2192.45,0.89,2026-07-15 00:04:36
1114,5.4,60.2,14.7,237.02,152.0,0.7,2026-07-15 00:05:36
1115,2.1,60.2,14.7,214.49,152.69,0.51,2026-07-15 00:06:36
1116,1.9,60.1,14.7,165.91,130.79,0.43,2026-07-15 00:07:36
1117,1.9,60.3,14.7,465.28,312.95,0.28,2026-07-15 00:08:36
1118,3.9,63.0,14.7,3378.82,11046.8,0.63,2026-07-15 00:09:36
1119,5.3,62.8,14.7,20955.1,490177.0,0.58,2026-07-15 00:10:37
1120,4.2,63.0,14.8,35664.8,979243.0,0.72,2026-07-15 00:11:37
1121,4.0,62.0,14.8,49365.3,1265670.0,0.71,2026-07-15 00:12:37
1122,3.3,62.5,14.8,60560.2,1395330.0,0.65,2026-07-15 00:13:37
1123,2.4,62.3,14.8,10339.9,160015.0,0.53,2026-07-15 00:14:37
1124,2.5,67.6,14.8,2480.67,14068.7,0.55,2026-07-15 00:15:37
1125,2.0,68.3,14.8,3567.89,53101.1,0.6,2026-07-15 00:16:37
1126,6.0,65.5,14.8,30489.7,493440.0,1.27,2026-07-15 00:17:37
1127,8.8,56.3,14.8,8336.54,41509.9,1.65,2026-07-15 00:18:38
1128,7.8,56.7,14.8,1821.75,3691.44,1.14,2026-07-15 00:19:38
1129,11.1,64.5,14.8,50273.8,420801.0,1.31,2026-07-15 00:20:38
1130,10.7,67.6,14.8,20606.3,163774.0,1.77,2026-07-15 00:21:38
1131,7.3,65.8,14.8,1847.64,902.03,0.86,2026-07-15 00:22:38
1132,7.2,66.9,14.8,109285.0,3270.91,1.11,2026-07-15 00:23:38
1133,5.2,55.2,14.8,2096.03,1632.02,0.66,2026-07-15 00:24:38
1134,3.4,52.5,14.8,1765.38,1452.5,0.71,2026-07-15 00:25:39
1135,4.3,54.8,14.8,3503.41,20989.9,0.84,2026-07-15 00:26:39
1136,4.6,55.6,14.8,5837.1,32149.8,0.95,2026-07-15 00:27:39
1137,5.2,57.0,14.8,7786.78,50875.7,0.76,2026-07-15 00:28:39
1138,7.5,64.9,14.8,11341.6,143993.0,1.05,2026-07-15 00:29:39
1139,7.5,53.8,14.8,8918.59,32869.3,0.81,2026-07-15 00:30:39
1140,4.6,54.0,14.8,911.48,8604.96,0.6,2026-07-15 00:31:39
1141,3.5,53.5,14.8,858.24,597.31,0.8,2026-07-15 00:32:39
1142,3.5,56.0,14.8,3986.74,65791.7,0.76,2026-07-15 00:33:40
1143,3.3,55.0,14.8,4837.29,87642.4,0.77,2026-07-15 00:34:40
1144,4.2,55.1,14.8,5675.43,21658.8,0.9,2026-07-15 00:35:40
1145,4.6,54.6,14.8,2278.36,2708.53,0.89,2026-07-15 00:36:40
1146,6.1,59.9,14.8,182.1,182.1,1.18,2026-07-15 00:37:40
1147,6.1,61.7,14.8,519.98,327.24,0.74,2026-07-15 00:38:40
1148,3.3,62.2,14.8,294.51,294.51,0.42,2026-07-15 00:39:40
1149,3.1,61.0,14.8,2948.98,2948.98,0.45,2026-07-15 01:07:23
1150,3.2,60.7,14.8,3368.57,3368.57,0.39,2026-07-15 01:08:23
1151,2.7,60.7,14.8,3317.19,3317.19,0.33,2026-07-15 01:09:23
1152,2.8,62.1,14.8,301.81,301.81,0.31,2026-07-15 01:10:25
1153,0.0,31.8,14.8,5266.33,5266.33,2.21,2026-07-15 02:54:13
1154,1.5,31.2,14.8,709.23,595.48,0.81,2026-07-15 02:55:13
1155,8.7,39.9,14.8,20340.3,91291.5,1.65,2026-07-15 02:56:14
1156,7.4,41.8,14.8,24759.6,164461.0,1.06,2026-07-15 02:57:14
1157,1.6,42.3,14.8,1380.26,889.16,1.27,2026-07-15 02:58:14
1158,9.6,44.7,14.8,2150.86,4779.87,2.04,2026-07-15 02:59:14
1159,16.1,46.7,14.9,211361.0,24680.3,2.03,2026-07-15 03:00:14
1160,5.3,47.9,14.9,4101.67,33531.0,1.15,2026-07-15 03:01:14
1161,6.4,49.2,14.9,47507.8,89049.8,0.97,2026-07-15 03:02:14
1162,14.7,50.0,14.9,1057.78,556.55,1.5,2026-07-15 03:03:15
1163,40.5,49.7,14.9,1626.51,1470.22,1.78,2026-07-15 03:04:15
1164,14.7,49.9,14.9,2554.34,2450.23,1.77,2026-07-15 03:05:18
1165,15.1,49.0,14.9,417.76,240.73,1.9,2026-07-15 03:06:18
1166,14.8,49.3,14.9,562.8,461.95,2.33,2026-07-15 03:07:18
1167,14.4,53.5,14.9,55705.1,1724.59,1.74,2026-07-15 03:08:18
1168,15.3,52.2,14.9,486.27,338.88,1.5,2026-07-15 03:09:18
1169,16.5,52.3,14.9,580.32,373.01,2.18,2026-07-15 03:10:19
1170,13.4,52.4,14.9,701.63,318.19,1.93,2026-07-15 03:11:19
1171,9.2,52.2,14.9,614.08,432.04,1.88,2026-07-15 03:12:19
1172,8.1,52.2,14.9,542.4,428.14,1.75,2026-07-15 03:13:19
1173,8.3,53.1,14.9,352.21,241.54,1.39,2026-07-15 03:14:19
1174,10.8,57.4,14.9,894789.0,29574.1,1.55,2026-07-15 03:15:19
1175,12.5,56.7,14.9,17572.9,14113.5,3.49,2026-07-15 03:16:20
1176,11.1,55.6,15.0,11994.4,119796.0,2.02,2026-07-15 03:17:20
1177,8.1,59.0,15.0,6555.75,40858.5,1.12,2026-07-15 03:18:20
1178,5.2,64.6,15.0,10249.5,14508.5,1.74,2026-07-15 03:19:20
1179,6.4,65.1,15.0,0.0,0.0,1.23,2026-07-15 03:21:01
1180,5.9,62.7,15.0,1287.83,982.2,1.15,2026-07-15 03:22:01
1181,3.5,61.8,15.0,3104.52,1246.59,2.08,2026-07-15 03:23:01
1182,2.4,54.6,15.0,303.67,199.81,0.94,2026-07-15 03:24:01
1183,2.9,57.4,15.0,4732.85,7925.59,0.66,2026-07-15 03:25:01
1184,3.6,56.5,15.0,593.93,316.5,0.67,2026-07-15 03:26:02
1185,3.2,56.4,15.0,447.42,266.55,0.56,2026-07-15 03:27:02
1186,3.8,57.3,15.0,2372.77,602.12,0.4,2026-07-15 03:28:02
1187,3.8,56.7,15.0,526.03,274.05,0.27,2026-07-15 03:29:02
1188,2.8,56.8,15.0,907.67,514.52,0.36,2026-07-15 03:30:02
1189,2.4,58.8,15.0,1694.16,989.02,0.42,2026-07-15 03:31:02
1190,3.5,69.2,15.0,4880.76,5314.16,0.41,2026-07-15 03:32:03
1191,3.7,69.2,15.0,6599.71,33734.3,0.62,2026-07-15 03:33:03
1192,2.2,69.6,15.0,935.44,491.7,0.52,2026-07-15 03:34:03
1193,2.1,70.2,15.0,513.47,326.16,0.43,2026-07-15 03:35:03
1194,3.6,73.9,15.0,1534.94,2790.99,1.0,2026-07-15 03:36:03
1195,8.0,77.2,15.0,79693.1,17240.4,1.14,2026-07-15 03:37:03
1196,7.5,68.3,15.0,1268.43,1004.0,0.78,2026-07-15 03:38:04
1197,2.9,71.4,15.0,403.16,244.35,0.77,2026-07-15 03:39:04
1198,2.7,40.0,15.2,270.93,198.99,1.79,2026-07-15 03:40:04
1199,2.8,36.3,15.6,379.64,304.37,1.96,2026-07-15 03:41:04
1200,2.2,38.0,16.0,319.21,251.7,2.12,2026-07-15 03:42:04
1201,2.0,38.0,16.3,289.05,227.59,2.11,2026-07-15 03:43:04
1202,2.9,39.7,16.3,430.25,349.46,1.14,2026-07-15 03:44:05
1203,3.2,45.3,16.3,388.42,375.09,0.89,2026-07-15 03:45:05
1204,2.4,49.8,16.3,3844.48,4298.93,0.7,2026-07-15 03:46:53
1205,7.9,68.8,16.3,51466.3,20047.2,1.27,2026-07-15 03:47:53
1206,7.9,66.8,16.3,0.0,0.0,0.6,2026-07-15 03:54:51
1207,2.3,65.4,16.3,1063.5,1063.5,0.29,2026-07-15 03:55:51
1208,3.7,65.8,16.3,4826.19,11190.5,0.56,2026-07-15 03:56:51
1209,6.4,66.9,16.3,23071.3,25933.0,1.09,2026-07-15 03:57:51
1210,7.1,65.4,16.3,1915.81,2219.64,1.39,2026-07-15 03:58:51
1211,5.0,65.0,16.3,1136.09,498.73,0.73,2026-07-15 03:59:51
1212,3.8,66.3,16.3,2073.53,1633.33,0.59,2026-07-15 04:00:52
1213,4.6,67.0,16.3,6254.02,6674.61,0.72,2026-07-15 04:01:52
1214,5.8,65.9,16.3,4820.26,1361.26,1.11,2026-07-15 04:02:52
1215,5.6,66.9,16.3,1796.32,1948.46,1.01,2026-07-15 04:03:52
1216,6.2,67.3,16.3,2142.07,607.92,1.54,2026-07-15 04:04:52
1217,6.6,66.6,16.3,1495.53,440.37,1.12,2026-07-15 04:05:52
1218,6.6,64.9,16.3,2333.96,974.24,1.27,2026-07-15 04:06:53
1219,5.4,64.6,16.3,624.72,297.37,0.99,2026-07-15 04:07:53
1220,3.7,66.6,16.3,279.81,279.81,0.62,2026-07-15 04:08:53
1221,3.3,66.2,16.3,955.17,647.42,0.39,2026-07-15 04:09:53
1222,5.4,67.0,16.3,679.02,679.02,0.9,2026-07-15 04:10:53
1223,9.2,66.7,16.3,1951.49,1501.7,1.51,2026-07-15 04:11:53
1224,7.8,67.2,16.3,3044.99,1774.44,0.77,2026-07-15 04:12:54
1225,6.5,67.1,16.3,8669.65,6402.59,0.99,2026-07-15 04:13:54
1226,7.3,65.8,16.3,6844.23,1880.6,0.93,2026-07-15 04:14:54
1227,0.0,31.3,16.3,5245.29,5245.29,1.07,2026-07-15 05:03:38
1228,7.1,39.3,16.3,2320.49,2086.4,0.65,2026-07-15 05:04:38
1229,8.9,49.5,16.3,51872.7,18261.4,0.91,2026-07-15 05:05:38
1230,4.0,48.7,16.3,327.92,235.16,0.8,2026-07-15 05:06:38
1231,4.9,46.9,16.3,999.51,281.2,0.46,2026-07-15 05:07:38
1232,4.7,48.1,16.3,1467.73,621.08,0.49,2026-07-15 05:08:39
1233,4.6,47.3,16.3,1472.25,2153.49,0.62,2026-07-15 05:09:39
1234,9.3,61.5,16.4,14539.5,25734.4,1.4,2026-07-15 05:10:39
1235,4.7,56.1,16.4,536886.0,11741.0,0.63,2026-07-15 05:11:39
1236,2.8,56.3,16.4,998907.0,20966.4,0.31,2026-07-15 05:12:39
1237,11.1,56.3,16.4,940587.0,22578.9,0.24,2026-07-15 05:13:39
1238,4.1,56.9,16.4,1211250.0,40871.9,0.16,2026-07-15 05:14:40
1239,3.5,56.8,16.4,1263960.0,40148.1,0.24,2026-07-15 05:15:40
1240,3.0,56.1,16.4,615801.0,19482.1,0.27,2026-07-15 05:16:40
1241,4.0,56.3,16.4,8866.27,3217.61,0.69,2026-07-15 05:17:41
1242,5.0,58.4,16.4,2897.77,2527.37,0.8,2026-07-15 05:18:41
1243,4.1,58.1,16.4,1627.48,1800.19,0.37,2026-07-15 05:19:41
1244,2.6,58.4,16.4,389.11,328.6,0.2,2026-07-15 05:20:41
1245,5.0,63.7,16.4,1873.29,314.2,0.44,2026-07-15 05:21:41
1246,7.3,68.9,16.4,5279.22,3223.75,0.39,2026-07-15 05:22:41
1247,7.1,62.2,16.4,10121.4,2309.51,0.9,2026-07-15 05:23:42
1248,5.4,66.7,16.4,1528.25,2042.46,0.79,2026-07-15 05:24:42
1249,2.5,66.4,16.4,398.55,163.8,0.53,2026-07-15 05:25:42
1250,1.8,66.5,16.4,636.02,236.21,0.35,2026-07-15 05:26:42
1251,2.5,69.5,16.4,1141.99,662.84,0.61,2026-07-15 05:28:10
1252,3.7,68.4,16.4,1840.63,410.22,0.44,2026-07-15 05:29:10
1253,3.8,68.8,16.4,0.0,0.0,0.69,2026-07-15 05:44:11
1254,3.2,72.2,16.4,1046.78,1046.78,0.44,2026-07-15 05:45:12
1255,5.6,75.8,16.4,15223.8,77379.2,0.95,2026-07-15 05:46:12
1256,8.7,78.8,16.4,21650.3,70983.4,1.82,2026-07-15 05:47:12
1257,6.9,74.3,16.4,8210.96,2392.36,0.93,2026-07-15 05:48:12
1258,2.7,74.2,16.4,668.02,1729.04,0.34,2026-07-15 05:49:12
1259,0.7,74.3,16.4,733.07,1086.86,0.3,2026-07-15 05:50:12
1260,0.7,74.2,16.4,716.56,471.83,0.22,2026-07-15 05:51:13
1261,50.0,32.7,16.4,5386.04,5386.04,2.02,2026-07-15 06:08:50
1262,0.8,28.8,16.4,1553.0,1309.27,0.79,2026-07-15 06:09:50
1263,0.8,31.9,16.4,436.03,242.27,0.29,2026-07-15 06:10:50
1264,4.9,43.6,16.4,2752.65,7155.05,0.33,2026-07-15 06:11:50
1265,7.0,47.6,16.4,16480.8,40431.1,1.17,2026-07-15 06:12:50
1266,1.0,47.3,16.4,647.43,579.16,0.48,2026-07-15 06:13:50
1267,5.2,50.3,16.4,11461.1,4018.74,1.26,2026-07-15 06:14:51
1268,5.6,50.8,16.4,11123.5,33030.2,0.98,2026-07-15 06:15:51
1269,6.9,60.7,16.4,19435.7,50706.9,0.74,2026-07-15 06:16:51
1270,6.6,62.4,16.4,67045.5,101629.0,0.7,2026-07-15 06:17:51
1271,0.0,64.4,16.4,18927.8,131830.0,0.59,2026-07-15 06:18:51
1272,8.4,71.5,16.4,78817.5,149198.0,1.2,2026-07-15 06:19:52
1273,8.4,75.3,16.4,85726.6,148649.0,1.33,2026-07-15 06:20:53
1274,8.8,74.5,16.4,10939.3,40292.6,0.96,2026-07-15 06:21:53
1275,6.0,35.3,16.4,13757.0,4703.38,1.0,2026-07-15 06:22:53
1276,5.3,50.7,16.4,6937.31,7437.43,0.92,2026-07-15 06:23:53
1277,2.8,50.5,16.4,261.8,219.01,0.37,2026-07-15 06:24:53
1278,0.5,54.7,16.4,208.75,163.56,0.13,2026-07-15 06:25:53
1279,9.8,51.9,16.4,249.24,249.24,0.91,2026-07-15 06:26:54
1280,20.6,53.7,16.4,1248.88,1248.88,2.05,2026-07-15 06:27:54
1281,12.5,58.0,16.4,425.38,425.38,1.07,2026-07-15 06:28:54
1282,5.2,57.6,16.3,725.14,725.14,1.18,2026-07-15 06:29:54
1283,10.2,57.7,16.3,1305.05,1305.05,1.65,2026-07-15 06:30:54
1284,11.8,57.6,16.3,468.13,468.13,1.87,2026-07-15 06:31:54
1285,16.4,63.0,16.3,268.93,236.7,4.09,2026-07-15 06:32:55
1286,15.6,62.2,16.3,692.23,692.23,1.61,2026-07-15 06:33:55
1287,19.9,62.6,16.4,57609.9,57609.9,3.55,2026-07-15 06:34:55
1288,31.6,62.5,16.4,483.32,483.32,2.84,2026-07-15 06:35:55
1289,39.9,61.9,16.4,740.56,740.56,6.7,2026-07-15 06:36:55
1290,31.7,64.9,16.4,1316.48,1316.48,4.42,2026-07-15 06:37:55
1291,12.7,60.3,16.4,2291.01,2291.01,2.6,2026-07-15 06:44:53
1292,0.0,30.7,16.4,8137.01,8137.01,1.49,2026-07-15 06:56:35
1293,0.7,27.9,16.4,1550.33,1286.55,0.6,2026-07-15 06:57:35
1294,2.5,39.8,16.4,5134.26,7146.08,0.54,2026-07-15 06:58:35
1295,0.0,31.3,16.4,5344.28,5344.28,2.02,2026-07-15 07:46:57
1296,4.9,45.7,16.4,2853.56,2853.56,1.27,2026-07-15 07:47:58
1297,8.0,58.8,16.4,5620.25,5620.25,1.46,2026-07-15 07:48:58
1298,2.4,65.2,16.4,258.89,258.89,0.6,2026-07-15 07:49:58
1299,1.9,71.7,16.4,356.55,356.55,0.46,2026-07-15 07:50:58
1300,1.6,71.6,16.4,279.63,279.63,0.17,2026-07-15 07:51:58
1301,1.9,72.2,16.4,445.21,445.21,0.36,2026-07-15 07:52:58
1302,6.5,72.4,16.4,5492.85,5492.85,1.13,2026-07-15 07:53:59
1303,15.4,73.4,16.4,14431.7,14431.7,1.92,2026-07-15 07:54:59
1304,6.1,75.3,16.4,3423.51,3423.51,1.18,2026-07-15 07:55:59
1305,9.1,79.2,16.4,68584.5,68584.5,1.29,2026-07-15 07:56:59
1306,1.8,76.6,16.4,2146.1,2146.1,0.64,2026-07-15 07:58:01
1307,4.8,77.2,16.4,419.92,419.92,0.97,2026-07-15 08:00:55
1308,1.9,76.1,16.4,2985.75,2985.75,0.49,2026-07-15 08:01:55
1309,1.8,76.5,16.4,252.82,252.82,0.27,2026-07-15 08:02:55
1310,1.4,75.9,16.4,548.54,548.54,0.1,2026-07-15 08:03:55
1311,0.9,76.1,16.4,219.71,219.71,0.46,2026-07-15 08:04:55
1312,1.0,75.5,16.4,388.25,388.25,0.24,2026-07-15 08:05:55
1313,0.7,75.5,16.4,183.03,183.03,0.09,2026-07-15 08:06:55
1314,0.5,75.5,16.4,380.9,380.9,0.03,2026-07-15 08:07:56
1315,0.5,75.5,16.4,171.32,171.32,0.01,2026-07-15 08:08:56
1316,0.6,75.3,16.4,341.08,341.08,0.06,2026-07-15 08:09:56
1317,0.0,32.0,16.4,5313.18,5313.18,2.28,2026-07-15 08:56:53
1318,3.2,36.1,16.4,204.86,204.86,1.23,2026-07-15 08:57:53
1319,4.7,45.8,16.4,6440.84,6440.84,1.22,2026-07-15 09:58:09
1320,0.4,45.6,16.4,443.94,443.94,0.45,2026-07-15 09:59:09
1321,0.6,45.1,16.4,266.54,266.54,0.32,2026-07-15 13:09:36
1322,50.0,30.4,16.4,5129.43,5129.43,1.5,2026-07-15 13:24:25
1323,2.6,31.7,16.4,2551.15,6194.14,1.08,2026-07-15 13:25:25
1324,4.7,41.9,16.4,10450.6,20751.2,0.91,2026-07-15 13:26:25
1325,3.9,43.8,16.4,15805.0,69084.0,1.12,2026-07-15 13:27:25
1326,2.6,44.3,16.4,2139.99,818.53,0.81,2026-07-15 13:28:25
1327,3.3,44.9,16.4,7694.89,14517.9,0.6,2026-07-15 13:29:26
1328,1.3,44.7,16.4,837.84,1717.4,0.34,2026-07-15 13:30:26
1329,0.8,44.8,16.4,663.65,492.08,0.36,2026-07-15 13:31:26
1330,3.0,47.6,16.4,705.71,416.21,0.47,2026-07-15 13:32:26
1331,1.9,47.9,16.4,656.85,353.16,0.49,2026-07-15 13:33:26
1332,14.3,55.0,16.4,11577.0,95547.1,1.09,2026-07-15 13:34:26
1333,4.0,56.3,16.4,17247.7,229969.0,0.84,2026-07-15 13:35:27
1334,4.8,56.9,16.4,16606.4,120774.0,0.88,2026-07-15 13:36:28
1335,5.0,55.7,16.4,18413.6,121152.0,0.53,2026-07-15 13:37:28
1336,0.0,31.3,16.4,8163.45,8163.45,1.42,2026-07-15 18:30:28
1337,0.8,28.1,16.4,1411.8,1187.17,0.56,2026-07-15 18:31:28
1338,0.4,28.0,16.4,315.88,234.57,0.27,2026-07-15 18:32:28
1339,3.9,42.7,16.4,19195.2,74642.9,1.09,2026-07-15 18:33:28
1340,2.1,41.4,16.4,1286.47,620.62,0.92,2026-07-15 18:34:28
1341,2.1,49.5,16.4,2015.55,4125.26,0.51,2026-07-15 18:35:28
1342,3.6,44.0,16.4,11472.4,60568.3,0.73,2026-07-15 18:36:29
1343,1.9,43.6,16.4,600.87,293.46,0.84,2026-07-15 18:37:29
1344,2.2,43.9,16.3,1298.0,785.58,0.49,2026-07-15 18:38:29
1345,3.2,50.3,16.3,7742.81,10586.8,0.45,2026-07-15 18:39:29
1346,0.0,50.7,16.3,2333.64,2301.01,0.36,2026-07-15 18:40:29
1347,6.9,71.5,16.3,40977.1,12738.9,1.08,2026-07-15 18:41:30
1348,3.7,66.8,16.3,4588.58,1127.94,0.8,2026-07-15 18:42:30
1349,2.9,65.3,16.3,2798.43,20110.8,0.57,2026-07-15 18:43:30
1350,3.3,65.5,16.3,2749.65,718.42,0.66,2026-07-15 18:44:30
1351,2.2,65.2,16.3,519.7,221.04,0.5,2026-07-15 18:45:30
1352,1.6,65.9,16.3,2522.52,6024.16,0.3,2026-07-15 18:46:30
1353,2.3,68.8,16.3,10439.5,31909.1,0.35,2026-07-15 18:47:30
1354,2.7,68.5,16.3,4547.97,3555.13,0.67,2026-07-15 18:48:30
1355,5.5,66.5,16.3,780.21,780.21,0.5,2026-07-15 18:49:31
1356,5.1,68.9,16.3,194.17,123.3,0.33,2026-07-15 18:50:31
1357,5.8,71.3,16.3,641.4,641.4,1.08,2026-07-15 18:51:31
1358,10.6,72.3,16.3,578.16,578.16,1.8,2026-07-15 18:52:31
1359,11.9,72.3,16.3,6570.07,6570.07,1.65,2026-07-15 18:53:31
1360,9.9,71.6,16.3,2429.5,2429.5,1.19,2026-07-15 18:54:31
1361,5.6,72.1,16.3,1603.25,1603.25,0.59,2026-07-15 18:55:31
1362,4.9,70.3,16.3,17016.5,268541.0,0.95,2026-07-15 18:56:31
1363,6.5,69.2,16.3,829.81,829.81,1.02,2026-07-15 18:57:31
1364,7.0,69.4,16.3,783.48,685.47,1.02,2026-07-15 18:58:31
1365,6.8,70.2,16.3,628.38,628.38,1.44,2026-07-15 18:59:31
1366,8.1,69.3,16.3,475.48,475.48,1.3,2026-07-15 19:00:31
1367,10.9,71.9,16.3,5580.6,5580.6,1.45,2026-07-15 19:01:32
1368,8.8,69.9,16.3,1540.06,1540.06,1.12,2026-07-15 19:02:32
1369,4.1,73.1,16.3,1106.41,1106.41,0.66,2026-07-15 19:03:32
1370,2.3,70.2,16.3,547.32,547.32,0.36,2026-07-15 19:04:32
1371,2.3,73.1,16.3,213.42,213.42,0.27,2026-07-15 19:05:32
1372,2.4,73.4,16.3,208.49,208.49,0.61,2026-07-15 19:06:32
1373,3.1,73.8,16.3,65356.7,95818.8,1.09,2026-07-15 19:07:32
1374,3.2,72.6,16.3,1254.69,1254.69,0.7,2026-07-15 19:08:32
1375,2.0,75.0,16.3,1142.32,842.66,0.6,2026-07-15 19:09:32
1376,2.1,73.0,16.3,667.69,667.69,0.47,2026-07-15 19:10:32
1377,2.4,72.4,16.3,710.61,710.61,0.37,2026-07-15 19:11:32
1378,2.3,70.5,16.3,712.25,712.25,0.25,2026-07-15 19:12:32
1379,3.9,69.2,16.3,5788.14,31759.7,0.51,2026-07-15 19:13:32
1380,3.8,68.8,16.3,339.42,412.49,0.43,2026-07-15 19:14:32
1381,1.9,69.2,16.3,240.76,240.76,0.16,2026-07-15 19:15:32
1382,1.5,68.3,16.3,627.44,392.05,0.06,2026-07-15 19:16:33
1383,1.0,68.3,16.3,753.58,753.58,0.02,2026-07-15 19:17:33
1384,1.0,67.8,16.3,210.86,210.86,0.19,2026-07-15 19:18:33
1385,1.0,67.7,16.3,543.13,664.31,0.21,2026-07-15 19:19:33
1386,1.0,67.2,16.3,1689.23,1689.23,0.22,2026-07-15 19:20:33
1387,2.0,72.8,16.3,17562.8,247014.0,0.42,2026-07-15 19:21:33
1388,3.1,69.4,16.3,372.41,372.41,0.39,2026-07-15 19:22:33
1389,3.6,71.1,16.3,9280.17,7993.03,0.57,2026-07-15 19:23:34
1390,4.4,70.4,16.3,5013.91,1069.9,0.35,2026-07-15 19:24:34
1391,3.5,70.5,16.3,375.37,375.37,0.3,2026-07-15 19:25:35
1392,2.5,72.7,16.3,504.19,504.19,0.41,2026-07-15 19:26:35
1393,2.8,71.7,16.3,786.89,786.89,0.58,2026-07-15 19:27:35
1394,3.0,72.5,16.3,881.49,881.49,0.3,2026-07-15 19:28:35
1395,2.1,71.7,16.3,470.81,470.81,0.11,2026-07-15 19:29:35
1396,2.6,73.1,16.3,631.34,631.34,0.56,2026-07-15 19:30:35
1397,4.6,74.7,16.3,372.97,372.97,1.04,2026-07-15 19:31:35
1398,4.2,77.6,16.3,39426.6,85425.7,0.5,2026-07-15 19:32:35
1399,3.4,74.8,16.3,5365.42,4547.34,0.95,2026-07-15 19:33:35
1400,3.9,75.9,16.3,1749.36,1794.59,0.8,2026-07-15 19:34:36
1401,3.5,73.7,16.3,321.37,321.37,0.6,2026-07-15 19:35:36
1402,2.6,73.0,16.3,708.21,708.21,0.33,2026-07-15 19:36:36
1403,2.8,72.9,16.3,486.68,430.34,0.7,2026-07-15 19:37:36
1404,3.9,72.4,16.3,240.23,240.23,0.55,2026-07-15 19:38:36
1405,3.3,72.5,16.3,344.6,344.6,0.47,2026-07-15 19:39:36
1406,2.1,72.4,16.3,1004.55,1004.55,0.39,2026-07-15 19:40:36
1407,2.4,72.7,16.3,190.01,190.01,0.42,2026-07-15 19:41:36
1408,3.1,74.0,16.3,228.7,228.7,1.03,2026-07-15 19:42:37
1409,3.2,75.0,16.3,377.03,377.03,0.52,2026-07-15 19:43:37
1410,2.4,75.2,16.3,1032.91,1032.91,0.46,2026-07-15 19:44:37
1411,2.1,74.7,16.3,2333.28,319.24,0.59,2026-07-15 19:45:37
1412,2.6,73.3,16.3,279.46,279.46,0.48,2026-07-15 19:46:37
1413,2.8,73.5,16.3,545.71,545.71,0.42,2026-07-15 19:47:37
1414,3.7,73.3,16.3,215.89,215.89,0.78,2026-07-15 19:48:37
1415,5.1,73.1,16.3,298.45,298.45,0.77,2026-07-15 19:49:37
1416,0.0,72.8,16.3,10594.3,10594.3,0.45,2026-07-15 19:50:34
1417,3.2,73.7,16.3,209.22,209.22,0.47,2026-07-15 19:51:34
1418,2.2,73.4,16.3,3756.64,1270.19,0.51,2026-07-15 19:52:34
1419,4.3,75.0,16.3,232.37,275.44,0.32,2026-07-15 19:53:34
1420,1.8,74.7,16.3,248.8,248.8,0.29,2026-07-15 19:54:35
1421,0.8,73.2,16.3,205.72,99.05,0.24,2026-07-15 19:55:35
1422,0.8,73.8,16.3,452.83,1445.98,0.3,2026-07-15 19:56:35
1423,4.8,76.7,16.3,42266.3,394958.0,0.59,2026-07-15 19:57:35
1424,3.3,77.6,16.3,401.22,385.0,0.78,2026-07-15 19:58:35
1425,2.2,77.6,16.3,638.61,638.61,0.34,2026-07-15 19:59:35
1426,50.0,76.9,16.3,87722.3,87722.3,1.05,2026-07-15 20:00:35
1427,2.1,77.0,16.3,258.87,258.87,0.52,2026-07-15 20:01:36
1428,2.2,76.9,16.3,506.48,506.48,0.43,2026-07-15 20:02:36
1429,2.0,76.6,16.3,178.32,178.32,0.19,2026-07-15 20:03:36
1430,2.1,75.8,16.3,235.78,235.78,0.32,2026-07-15 20:04:36
1431,2.0,75.8,16.3,556.18,556.18,0.36,2026-07-15 20:05:36
1432,1.8,76.1,16.3,179.44,179.44,0.35,2026-07-15 20:06:36
1433,1.8,76.3,16.3,582.26,2089.97,0.32,2026-07-15 20:07:37
1434,1.8,75.6,16.3,1416.47,1416.47,0.47,2026-07-15 20:08:37
1435,1.8,75.8,16.3,391.05,391.05,0.25,2026-07-15 20:09:37
1436,1.9,75.7,16.3,478.2,478.2,0.22,2026-07-15 20:10:37
1437,1.9,75.8,16.3,3405.68,3405.68,0.18,2026-07-15 20:11:37
1438,1.9,76.2,16.3,281.56,281.56,0.28,2026-07-15 20:12:37
1439,1.9,76.7,16.3,537.13,537.13,0.25,2026-07-15 20:13:37
1440,1.9,76.4,16.3,167.72,167.72,0.35,2026-07-15 20:14:37
1441,2.0,76.5,16.3,464.35,342.6,0.32,2026-07-15 20:15:38
1442,2.0,76.5,16.3,1007.51,1007.51,0.52,2026-07-15 20:16:38
1443,1.9,76.3,16.3,201.56,201.56,0.39,2026-07-15 20:17:38
1444,1.9,76.7,16.3,428.05,720.06,0.24,2026-07-15 20:18:38
1445,1.8,76.1,16.3,15727.7,1339.82,0.34,2026-07-15 20:19:38
1446,1.8,75.7,16.3,253.84,253.84,0.3,2026-07-15 20:20:38
1447,1.9,75.9,16.3,633.58,633.58,0.35,2026-07-15 20:21:38
1448,1.9,76.3,16.3,198.08,198.08,0.26,2026-07-15 20:22:38
1449,1.9,76.2,16.3,312.88,312.88,0.31,2026-07-15 20:23:39
1450,1.9,76.0,16.3,1283.64,1283.64,0.11,2026-07-15 20:24:39
1451,1.9,76.2,16.3,242.01,242.01,0.14,2026-07-15 20:25:39
1452,1.8,76.6,16.3,780.66,1031.49,0.3,2026-07-15 20:26:39
1453,1.8,76.4,16.3,195.48,195.48,0.32,2026-07-15 20:27:39
1454,1.8,76.1,16.3,321.38,321.38,0.27,2026-07-15 20:28:39
1455,1.7,76.1,16.3,806.43,806.43,0.22,2026-07-15 20:29:39
1456,1.8,76.2,16.3,221.3,221.3,0.37,2026-07-15 20:30:39
1457,1.8,76.4,16.3,517.46,517.46,0.28,2026-07-15 20:31:39
1458,1.9,77.5,16.3,2756.6,2756.6,0.42,2026-07-15 20:32:40
1459,2.0,77.8,16.3,5799.91,2243.69,0.27,2026-07-15 20:33:40
1460,1.9,76.7,16.3,509.23,509.23,0.24,2026-07-15 20:34:40
1461,1.8,76.6,16.3,315.19,233.1,0.35,2026-07-15 20:35:40
1462,1.9,76.2,16.3,303.18,303.18,0.17,2026-07-15 20:36:40
1463,2.1,75.2,16.3,130.79,130.79,0.39,2026-07-15 20:37:40
1464,0.0,31.2,16.3,5445.58,5445.58,2.75,2026-07-16 03:24:38
1465,0.8,28.1,16.3,1584.35,1303.86,1.01,2026-07-16 03:25:38
1466,6.4,48.8,16.3,13182.5,52058.1,1.01,2026-07-16 03:26:38
1467,1.7,48.8,16.3,1014.03,761.41,0.45,2026-07-16 03:27:38
1468,4.5,52.8,16.3,4995.57,21801.0,0.71,2026-07-16 03:28:38
1469,4.6,58.7,16.3,4269.06,5261.99,0.71,2026-07-16 03:29:38
1470,8.9,61.7,16.3,2573.97,2573.97,0.78,2026-07-16 03:30:39
1471,0.6,61.0,16.3,295.4,295.4,0.37,2026-07-16 03:31:39
1472,0.5,61.0,16.3,2163.39,2163.39,0.17,2026-07-16 03:32:39
1473,0.4,61.0,16.3,343.19,343.19,0.14,2026-07-16 03:33:39
1474,0.0,60.6,16.3,196463.0,196463.0,0.11,2026-07-16 03:34:39
1475,5.9,64.6,16.3,7496.06,26346.4,0.67,2026-07-16 03:35:40
1476,3.6,64.3,16.3,270.91,270.91,0.31,2026-07-16 03:36:40
1477,3.0,64.2,16.3,633.62,633.62,0.66,2026-07-16 03:37:40
1478,3.6,64.5,16.3,320.51,389.77,0.93,2026-07-16 03:38:40
1479,5.0,64.8,16.3,461.4,461.4,0.85,2026-07-16 03:39:41
1480,0.0,64.5,16.3,6734.21,6734.21,0.89,2026-07-16 03:39:55
1481,4.7,65.1,16.3,4546.16,1640.42,0.73,2026-07-16 03:40:55
1482,0.0,64.8,16.3,7152.83,7152.83,0.41,2026-07-16 03:41:31
1483,5.9,64.2,16.3,652.64,652.64,0.99,2026-07-16 03:42:31
1484,3.5,65.5,16.3,728.68,728.68,0.66,2026-07-16 03:43:31
1485,8.0,64.5,16.3,20648.0,8244.86,1.01,2026-07-16 03:44:31
1486,9.6,64.4,16.3,8142.88,35086.0,1.04,2026-07-16 03:45:32
1487,4.7,64.4,16.3,740.68,603.65,0.68,2026-07-16 03:46:32
1488,4.3,64.4,16.3,2340.12,2340.12,0.74,2026-07-16 03:47:32
1489,7.8,63.1,16.3,537.61,537.61,1.06,2026-07-16 03:48:32
1490,4.6,64.1,16.3,374.25,374.25,0.96,2026-07-16 03:49:32
1491,2.5,63.9,16.3,11147.2,11797.0,0.42,2026-07-16 03:50:32
1492,7.1,64.7,16.3,73221.1,73221.1,1.14,2026-07-16 03:51:33
1493,4.3,66.0,16.3,205.8,205.8,0.97,2026-07-16 03:52:34
1494,5.5,65.8,16.3,1344.43,1304.24,0.71,2026-07-16 04:36:01
1495,7.7,66.2,16.3,1035.2,1035.2,1.09,2026-07-16 04:37:01
1496,8.4,68.8,16.3,5340.16,5340.16,1.17,2026-07-16 04:38:01
1497,6.1,67.8,16.3,463.26,463.26,0.88,2026-07-16 04:39:01
1498,6.0,66.4,16.3,747.38,747.38,0.76,2026-07-16 04:40:01
1499,5.0,66.5,16.3,1840.42,1840.42,0.74,2026-07-16 04:41:01
1500,5.0,67.7,16.3,86211.3,193458.0,0.9,2026-07-16 04:42:01
1501,5.7,67.2,16.3,9583.81,1091.35,0.97,2026-07-16 04:43:02
1502,9.5,67.5,16.3,2648.0,1189.9,1.37,2026-07-16 04:44:02
1503,8.7,66.7,16.3,567.68,313.91,1.07,2026-07-16 04:45:02
1504,3.2,68.2,16.3,2510.39,1410.87,0.54,2026-07-16 04:46:02
1505,3.1,66.6,16.3,333.48,181.46,0.52,2026-07-16 04:47:02
1506,3.2,68.5,16.3,489.76,282.65,0.43,2026-07-16 04:48:02
1507,5.1,68.0,16.3,5249.53,18018.2,0.54,2026-07-16 04:49:02
1508,6.0,66.3,16.3,2904.48,8498.57,0.83,2026-07-16 04:50:03
1509,3.6,65.0,16.3,385.66,247.76,0.55,2026-07-16 04:51:03
1510,3.2,65.8,16.3,2841.44,5093.65,0.95,2026-07-16 04:52:03
1511,4.0,65.3,16.3,4389.42,5691.36,0.76,2026-07-16 04:53:03
1512,3.7,65.8,16.3,2685.58,2051.73,0.72,2026-07-16 04:54:03
1513,6.8,69.0,16.3,49513.9,293613.0,0.98,2026-07-16 04:55:03
1514,9.3,66.6,16.3,15262.9,30102.3,1.69,2026-07-16 04:56:04
1515,7.9,67.3,16.3,3248.47,4270.83,0.88,2026-07-16 04:57:04
1516,6.4,63.8,16.3,10725.7,69648.7,0.91,2026-07-16 04:58:04
1517,6.9,66.7,16.3,33531.9,118270.0,0.9,2026-07-16 04:59:04
1518,6.9,65.2,16.3,20820.9,71944.2,0.65,2026-07-16 05:00:04
1519,6.0,67.6,16.3,28527.2,95407.7,0.64,2026-07-16 05:01:04
1520,5.3,62.6,16.3,7700.48,8770.53,1.13,2026-07-16 05:02:05
1521,4.2,65.5,16.3,3612.32,2013.68,0.69,2026-07-16 05:03:05
1522,5.3,62.1,16.3,1250.94,1987.22,0.91,2026-07-16 05:04:05
1523,4.8,62.2,16.3,382.74,202.61,0.62,2026-07-16 05:05:05
1524,4.1,63.4,16.3,341.11,219.87,0.82,2026-07-16 05:06:05
1525,5.3,62.8,16.3,407.5,234.83,0.74,2026-07-16 05:07:05
1526,5.0,61.7,16.3,500.84,242.13,0.59,2026-07-16 05:08:06
